CODIGO,1,2,3,4,5,6,7,8,9,10,11,12,13,14,15,16,17,18,19,20,21,22,23,24,25,26,27,28,29,30,31
17015010,3,12.8,0,0,16.2,0,14.5,0,0.3,23.1,49,43.1,13.1,2,38.4,92.2,5.6,2.3,14.1,11.8,0,0,0,10.5,37.7,2.7,7.9,25.8,86.2,5.2,24
17025020,19.5,2.1,0,0,4.2,9.2,0,0,1.2,9.4,20.4,15.2,6.3,4.9,3.2,0.2,37,4.7,0.1,35.7,0.6,0,0,4.1,34.6,14.2,1.1,4.1,19.2,20.4,40.2
15015050,0.5,1.6,0,0,0,0,0,1.4,2.9,0.4,0.3,0,0,0,6.2,0.2,0.3,0,0.2,2.8,2.4,25,0.5,4,0,0,3.2,0.2,1,0.5,24.3
14015080,0,0,0,0,12.2,0.6,0,13.5,0.3,1.4,4.5,0,0,3.2,0.1,0,0,0,30.3,0.3,0,17.9,0.1,1,0,0,16.8,0,0,6.6,0.7
15065180,3,2.3,16,0,35,0,7.6,0,4.5,1.8,0,0,0,0,0,0.5,0,0,0,0,122,23.8,50.1,0,0,0,0,0,0,4.6,60.6
28025502,0,0,16.1,6.6,0,39.3,3.3,0.5,7.1,1.2,0,0,54.6,0,0.4,0,0,0,16.5,12,0.3,2,33.5,0.7,0,0,0,13.1,0,0.4,0
13035501,0,0,24.3,0,2.8,2.7,0,0.3,2.1,3.2,0,3.9,15.1,53.6,0,0,9.8,0,0,37.9,0,0,0.2,0,0.2,0.4,29.2,2,0,0.6,48.6
12015070,17.4,0,0,8.2,0.4,29.7,0.5,3.5,0,13.2,1.3,14.2,0,18.9,0,0.2,0,85,0,0,0,0,1,0,0,0.4,24.1,3.8,0,56.7,2.2
23155030,2.3,10.3,0,22.2,0,1.1,21.3,6.3,1,104.9,0,1.3,0.3,29.1,0.2,0,0,16.8,56.1,63.2,59.6,10.1,0.5,0,0,0,0,0.2,0,10.2,0
23195502,0,0,0,39.2,0,0,3,2.6,0.4,0.2,0,0,0.8,0.5,0.2,0.3,0,0,0,0,6.6,4.6,11.8,0,0,0,1.2,0,0,44.6,0
16015010,0,0,0.6,0.4,0,2.2,30.1,0,2.3,0,0,0,0.1,0,0,1.4,0,0,1.7,0,0.3,0.3,0,0,0.3,0,0,0,0,0,39.3
27015330,6.5,0.6,0,12,2.7,0,8,9.1,7.8,1.9,0,2.8,0,0,0.6,2,7.8,1,27.1,35.8,30.2,14.5,1.8,0,1.7,0.8,0,0,0,8,6
23085270,7,2.9,0,68.5,14.5,5.2,16.7,3.3,8.5,0.4,0.4,4.4,0,0,0,1.2,0,0.4,10.4,29.8,11.5,5.5,8.7,1.3,5.4,8.9,0.6,0,0,6.7,3.5
26155110,0.7,4.5,0,50,14,1.8,4.5,31,6.2,3,1,0,0,0,0.5,2.5,8.6,0,0,8.2,10,15.7,6.2,0.8,0.5,0,0.8,0,0,52.8,6
26135040,2,2.2,0,4.2,10.4,0.3,7.6,29.2,0.4,0.4,0,0,9.6,0,0.8,1.1,3.2,0.4,0,13.7,15.4,11.4,0.4,2.1,0,16.1,1.9,0.6,0.1,15.9,2.8
26125061,0.4,3.2,0,75.3,2,46.7,3,51.1,0.4,1.8,0,0,0,0,0,0,0,0,12.2,13.4,23.3,4.5,15.7,0,0,0.8,10.9,0,0,22.7,16.1
21245040,1,1.1,0,22.6,6.2,1.2,18.9,1,0,6.8,0,0,0,0,0,0,0,0,0,0,3.1,1.7,4.3,5.3,0,30.1,0.6,0.7,0,0,3.6
21205791,1.9,8.6,0,3.6,6.7,0,0,4.5,6.7,0,0,1.3,0,0,0,0.5,0,7.1,6,0,3.4,38.2,0.4,0,0.2,1.1,0.5,0,0,4.5,13.9
21202280,0.3,4.6,0,4.5,3.3,0,0.1,5.9,6.7,0,0,1.6,0,0,0,16.1,0,1.2,0.9,0,7.6,61,0,0,0,2.2,0.8,0,0,3.4,13.5
26075040,7.2,4.6,0,15.1,4.1,6.6,18.4,5.9,7.7,0.7,0,0,0,0,0,0,0.2,2.5,27.4,2.1,0,0,6.4,0,0,0,0.2,0,0,0,0.7
21115020,2.4,20.7,0,0,0,0,36.4,0.6,7.2,2.3,0,0,0,0,0,0,0,0,5.9,0.6,0,2.9,0.4,0,0,0,0.2,0,0,0,5.3
52045020,0.9,2.4,0.2,0.4,10.3,4.3,27.1,0.8,11.8,6.1,0,2.5,0,0,0,0,0,0,9.3,4,0,0,0.9,0,0,0,2.5,0.3,0,0,5
52055230,0.2,3.6,0.1,1.2,0.5,0,0.3,0.7,8,0,0.2,12.4,0.2,0,0,0,0,0,1,0.4,0,0,0,0.3,0,6.7,6.6,3.2,0,0,12.3
11045010,58.2,0.1,32.9,11.7,0,3,0,31.2,7,15.2,0.6,116.7,5.4,26.8,0.4,0.5,12.7,57.6,5.9,0,38.2,7.6,8,14.6,80.2,3,107.9,4.2,3,26.3,10.4
53115010,2.2,0,9.1,5.9,0,46,12.2,16.6,56,42,26.1,12.5,1.9,68,22.5,0,55,24.5,8.9,4.3,13.5,56,2.8,9.8,11.9,2.3,100,2.8,12,12,10.1
37055010,0,0,0,4.7,9.4,7.3,33.5,0,12.3,12.3,0,0,0,0.8,0,0,0,0,0,0,0,0,0,0,12.2,1.2,4.2,0,8.1,0,0
38015030,0,0,0,0,1.5,9.2,0,12.8,0,0,0,2.5,15.9,17.1,5,0,0,0,0,0,0,0,0,0,4.4,0,16.7,0,4.7,0,0
35035020,0,0.4,0,0.3,21.6,10.6,20.8,7.1,40.6,3.4,0,20.6,2.1,0.4,22.8,0,0,23.4,44.8,45.4,19.8,28.6,16.9,0,7.6,36.4,8.6,0,33.8,0,0
34015010,0,0,0,0,0,55,9,0,3,0,7,14,29,0,57,0,8,0,0,0,0,0,0,0,17,22,5,0,0,0,0
48015050,0,0,1.2,32.7,0,0.3,0,0,0.1,0.5,0,0,29.7,0,0,0,0,1.6,1.6,5.2,6.4,65.5,0,60.1,4,0,6.3,26.6,0,0,0
26125120,0.4,17,0,63.6,2.5,18.8,3.4,61.7,3.2,7.2,0,0,0,0,0,0,0,0,1.2,1.4,20.7,1.2,15.6,9.8,0,1,0.7,0,0,23.8,12.7
2120080,0,0,0,0,0,0,4.2,14.6,1.2,0,0,3,0,0,0,0,0,0,0,4.5,3,0,0,0,0,7.7,0,0,0,0,8.4
2401042,1,5,0,10.5,10.5,10.8,5,5,8,0,0,4,0,0,0,0,0,0,10,0,0,6,8,0,0,0,0,0,0,5,10.8
2120659,0,0,0,0.5,9.5,9.6,1.5,15,5.2,0,2,3.3,0.6,2.4,0,0,0,0,0,9.5,1,0.8,0,0,0.2,3.9,8.2,0,0,0.3,0.7
2120629,1.5,3.1,0,9.3,3.4,0,0,5,16.2,0,0,0,0,0,0,0,0,0,0,4,15.1,9,5.1,0,0,0.5,9.2,0,0,2.3,11.9
2120516,3.8,5.7,0,4.6,2.8,0,0.2,5,6,0,0,1.5,0,0,0,0,0,7.9,20,0,4.3,37.6,1.8,0,0.2,1,1.2,0,0,2,19.2
2401036,0,6,0,26,8,0,8,5,4,0,0,0,0,0,0,0,0,0,12,0,0,2.5,4,0,0,0,0,0,0,2,22
2119514,0,14.1,0,0,44.5,5.3,13.5,12.1,1.5,0.3,0,1.5,0,0,0,0.9,0,0,0.2,19.5,6.5,14,0,0,0,1,0.8,0,2.4,1,5.5
2306517,0.4,0.9,0.7,12.3,3.3,0.3,1.5,1.1,4.7,38.4,0.2,0,0,0,0,0,0,0,11.2,0.2,0,0,4.2,0.1,6.9,2.1,0.2,0,0,0.5,3.4
2120112,1,3,0,3.3,41.3,7,0,17.3,2,0,0,10.3,0,0,0,0,0,0,0,50.7,32.2,28.3,0,0,7,5,6,3,0,0,22.3
2120647,0,20,0,19,70,10,5,3.5,6.5,3,0,0,0,0,0,0,0,0,0,0.5,27,6.5,0.5,0,0,0,0,0,0,0.3,12
2306039,2.6,4.5,9.9,1.6,13.5,0.9,0.1,1.4,3.8,4.1,0,10.6,0,0,0,3.8,0,0.7,0,1.8,0,2.1,14.5,0,13.6,,14.4,0,0,,16.3
2120646,0,3.6,0,7.3,50,0,20.7,9,0.5,5.5,0,0,0,0,0,0,0,0.4,3.1,0,8.6,11.5,0,0.2,0,0,1,0,0,0,17
2119022,0,2.6,0,0,8.3,80.1,5.6,35.4,3.1,53.2,0,0,0,0,0,0,0,0,3.2,19.3,11.1,11.4,0,0,0,0,1,0,0,0,0
2306507,0,25.2,0,2.7,17.2,3.5,34.8,23.4,4.7,0,0,0,0,0,0,10,1,6.7,5.3,1.3,13.6,37.2,0,0,0,0,0,0,0,6,20.2
2119047,0,6.4,0,0.2,41.7,0,10.3,20.9,0.5,0.2,0,2.3,0,0,0,8.8,0,0,2.5,0.2,7.6,7.1,0,0,0.3,3.5,1,0,0,0.6,3.3
2306033,0,9.8,8.3,18.5,31.4,0,8.7,3.3,0,5.2,0,0,0,0,0,0,0,0,24.8,0,0,3,62.8,0,7.2,17.3,0,0,0,7.7,4.2
2120644,0,2,0,0,24,0,5,0,0,11,0,0,0,0,0,0,0,1,0,0,1,0,0,0,0,0,0,0,0,0,0
2401043,2.5,16.2,0,2.7,0.5,0,9.6,3.2,14.4,0.7,0,1.7,0,0.7,0,0.5,0,1.3,16.9,2.1,2.2,7,5.2,0,31,1.1,0.4,0,0,7.8,29
2401513,1,12.6,0,24.4,4.8,9,6,2.6,16.4,0.5,0,0,0,0,0,0,0,0,17.5,0,0,3.2,0.6,0,0,0,0,0,0,3.5,23.7
2401115,0.2,14.7,0.2,14.7,13.9,2.6,24.7,2.6,2.4,0.6,0.1,0,0,0.4,0,0.1,0.1,0,1.4,3.7,3.7,0,0.2,0.1,0,0.6,2.8,0,0,0.7,18.7
2120190,0,34.9,0,0,33.5,5.6,6.6,1.8,0,5.2,0,1.3,0,0,0,0,0,21,0,0,2,7.1,0,0,0,0,0,0,0,,
2120074,0,0.2,0,0,13,0,2,8.8,3,0,0,0,0,0.5,1,0,0,0,0,4.5,31.5,19.5,0,0,0.2,2,10,0,0,2,12
2306308,3.5,6.2,0,3.6,6.3,3.5,33.4,27.4,2,1.6,0,0,0,0,0,4.9,0,0,24.5,8.5,43.4,20,1.4,0,0,0,0,2.7,0,4.9,25.8
2120652,0,34.2,0,30,53.7,0,32.7,6.1,7.9,3.1,0,0,0,0,0,0,0,0,0,1.5,1.5,30.5,0.3,0,0,0,3.6,0,0,1,22.5
2120174,0.4,4.1,0.2,11.1,8.3,0.2,0.1,11.3,3.7,0.1,0,0,0,0,0,0,0,0,0,3.1,8.7,3.1,1.2,0.1,0,0.1,7.1,0.1,0,2.3,12.5
2120166,2,9.8,0,0,24.1,0,0,13.8,0.6,0,0,0,0,0,0,0,0,0,5.6,2.1,5.6,17,0,0,2,0,1,0,0,0.5,15.5
2119046,0,1.9,0,0,41.6,0,11.1,24,1.2,0,0,4.3,0,0,0,0,0,0,0,5,20,5,2,0,0,2,2.5,0,0,4.1,7.4
2120182,1.4,8.2,0,4.3,28,0.1,55.2,56.7,0.2,27.5,0.1,0.5,0.1,0.2,0,0.1,0.2,0.5,0.4,21.8,52,16.7,8.4,0.2,0.1,0.2,0.7,0.5,0.1,1.4,37.6
2120168,0,0,0,0,1.3,0,51.2,4.1,4,0,0,0,0,0,0,0,0,0,0,11.2,0.9,0,0,0,0,2.2,3.2,0,0,0.7,13.5
2401037,0,9,0,22,5,35,10,5,4,0,0,0,0,0,0,0,0,0,18,0,0,0,1,0,0,0,0,0,0,5,26
2401057,0,5,0,0,25,0,0,8,7,0,0,0,0,0,0,2,0,0,0,20,12,8,0,0,0,5,10,0,0,5,15
2401515,0,0.5,0,2.5,3.5,0,29.4,3,6.5,0,0,0,0,1,0,0,0,0,0,9.1,3.7,26.3,0,0,0,1.9,2.3,0,0,0.5,12
2120540,0,0,0,0.2,7.4,0.6,35.7,13.6,2.3,0,2.6,0,0,0.6,0,0,0,0,0,12,3,0.7,0,0,0,0,0.9,0,0,1.2,14.2
2306040,0,6,0,5,3,0,0,0,3,6,0,0,0,0,0,0,0,0,0,0,0,0,36,0,10,2,0,0,0,12,4
2120077,1,5.8,1,1.3,10.5,0,0,16.2,0,0,0,1.4,0,0,3.1,0,0,0,5.1,0,54.4,34.8,0,0,3.7,7.1,7,0,0,0,
2123007,0,2.7,0,7.2,13.5,0,0,1.3,6.7,0,0,0,0,0,0,0,0,0,0,0,0,1.4,0,0,0,0,0,0,0,0,0.4
2401534,0,4.2,0,4,3.8,2.3,10.4,3.7,1.3,0.6,0,0,0,0.2,0,0,0,0,10.7,0.3,0.2,0,0.3,0,0.4,0.4,0.6,0,0,2.7,19.6
26030150,6.6,31.4,,3.6,6.3,15.3,1.3,18.1,6.6,14.2,0,0,0,0,0,0,0,0,2.5,,,,2.1,0,0.9,0,1.6,0,3,42.4,19.2
26020030,13,85,0,0,0,49,0,48,0,12,0,0,0,0,0,0,0,0,138,0,,26,0,0,0,17,0,0,0,0,17
25025080,0,0,0,0,0,48,0,1.3,3.5,0,0,6.4,0,15.5,0,0,0,0,0,2.4,0,0,0.5,0,0.8,0,9.5,0,0,19.7,2.2
29015000,0,0,5.2,2.2,0.5,0,2.5,2.6,2,8.4,0,0,0,0,0,0,0,0,0,7.4,0,0,3.2,0,0,1.6,7.7,0,0.5,6.5,8.3
29030050,0,0,0,10,15,0,6,4,12,65,0,0,0,10,0,0,0,20,0,0,0,0,0,0,0,10,50,0,5,40,15
25025170,25.6,3.2,0,0,0.4,4.2,0.6,0,25.5,1.7,0,19.5,3.4,28.1,0.1,0,0,0,7.7,0.5,0,19.6,12.3,0,18,0.4,0.2,0.5,0,46.9,2.1
25020140,0,0,0,0,0,0,0,15,26,0,0,12,0,22,0,0,0,0,0,14,0,0,4,0,2,0,0,0,0,22,0
29040240,0,0,0,0,0,36.5,2,10,6,0,4,0,0,0,0,25,5,1,25,12,0,7,5,0,0,0,0,0,0,0,20
29040230,0,0,0,0,18,68,26,18,27,19,0,0,0,0,0,10,0,0,0,53,0,0,0,0,0,0,0,0,0,0,92
25025160,3,0,0,0,0,0,0,3,140,0,0,0,0,34,0,0,0,6.1,0,0,0,0,28,0,,0,5,6.1,0,50.1,3.1
25021350,1.6,0,0,5.8,0,0,2.7,3.4,6.6,0,0,0,0,6.5,0,0,0,0,0,23.2,0,0,10.5,0,0,0,0,15.3,0,17.3,0
25025190,0,0,0,0,0,9,3,21,61,4.4,0,0.5,0,29.5,0,0,0,21.9,0,0,0,0,2.5,0,20,0,5.6,0.3,0,73,73.7
29040310,0,0,14,8,0,0,0,0,18,0,0,6,0,0,0,0,0,0,0,0,0,4,0,17,0,0,0,0,6,34,12
25020470,0,0,0,0,0,13,0,25.2,0,0,0,3.4,0,15.6,0,0,0,0,0,9.7,0,0,4.2,0,0,0,0,0,0,6.3,0
12030010,0,0,9,55,0,0,3,11,0,0,0,0,0,4,0,0,0,0,0,0,0,0,0,0,0,2,0,0,0,2,3
29035110,0,0,0,0,0,0,0,0.7,0,0,17.3,0.7,0,6,0,0,0,0,25.1,1.9,0,0,0,0,0,4.9,67.7,0,0,81.4,8.2
14010050,0,0,0,0,0,0,0,0.6,0,0,1.2,0,0,4.3,0,0,0,0,8.1,0,0,0,19.7,13.8,0,0,11.6,0,0,9.8,2.9
29035080,0,0,6.5,1,0,12.2,0,3.9,0,8.4,0,0,0,0,0,16.4,0,0,2.4,6,0,0,11,5.5,0,0,4,0,0,49.8,6
14010010,0,0,0,0,0,0,0,0,0,0,0,0,0,0,0,0,0,0,0,20,40,0,0,50.5,0,0,0,0,0,15,25
29040260,0,0,45,0,0,20,4,20,0,25,0,0,0,0,0,0,0,0,7,27,5,0,0,40,0,0,0,0,0,70,5
29040250,0,0,47.5,0.8,0,0,0,2.7,0.3,29.3,0,0,0,0,0,0,0,0,2.5,35.5,0.5,0,0,49.3,0,0,10.5,0,4.3,10.3,4.4
25021280,4.5,0,0,3,30,5.7,0,3,2,8,0,0,0,50,0,0,0,0,3,0,0,7,19,0,0,0,7,0,0,0,3
29040300,0,0,0,40,0,0,0,78,0,0,0,0,0,0,0,0,0,0,20,10,0,0,0,0,0,0,0,0,0,45,15
14010020,0,0,0,0,0,47,0,8,20,0,0,0,0,0,0,0,5,0,2,0,15,0,5,25,0,0,17,5,0,16,5
29040020,0,0,0,0,0,0,20,37.2,5,0,0,0,0,0,0,0,0,0,7.4,8.8,2,14,10,0,0,0,0,0,0,7.6,0
25020700,4,0,0,1.5,20,0,0,0,40.4,0,0,0,0,16.4,0,0,0,8,0,5,0,0,25,0,0,0,4.5,15,0,56,1.5
25020960,0,5,0,0,0,27,5,0,3,0,0,0,5,0,0,0,0,6,0,0,0,5,0,0,0,0,26,0,7,6,5
13015040,11.2,0,1.4,22,0,8,0.6,5.6,31,2.4,0.4,1.2,0,100.2,2.5,6,0,5.6,0,24.4,0,2.7,0,0,0,0,35.6,12,0,89.5,3.1
29035040,1.9,0,0,5.4,4.7,0,0,0,0,0,,,,12.2,,0,0,34,0,29.4,0,16,,,,,1.8,0,7.2,0,13.4
13090050,0,0,0,4,0,52,0,11,0,0,0,0,5,19.8,0,0,0,0,0,0,0,0,0,0,8,3,12,4,0,0,20
13085010,6.2,5,0,2.3,0,,,,,15.5,3.8,5.2,8.2,40.5,0,0,0,0,0,0,0,0,12.7,1,0,0,8,0,0,4.7,3
13075020,0,0,0,0,2.5,0,0,4.2,22.8,0,0,18.5,2.2,36,0.1,0,7.2,0,17.7,45.2,0,0,3.1,0,0.7,0,9.5,1,0,3.5,2.5
13090040,0,0,8,10,15,0,0,0,0,0,0,0,0,15,0,0,0,0,17,0,0,0,0,22,0,0,25,0,0,45,10
25025270,0,0,0.5,6.7,1.2,3.9,0,6.2,4.7,0,0,1.3,0,5.1,0,0,0,0,0,0,0,0,1.9,0,0,0,2,0,0,38.7,1.8
13085030,2,0,0,1,0,0,11,32,0,5,3.2,0,10,39.2,1.4,0,0,0,0,0,4,0,1,0,0,0,7.4,6,0,92,56
25025030,3.4,0,0,0,41,0,0,0,65.4,0,26.8,16.5,0,13.2,0,0,0,3.4,0,0,0,0,14,0,11.4,0,2.6,15.6,0,22,0
25025380,0,0,0,5.6,0,6.8,0,0,20,0,0,25.4,2,36.4,0,0,0,0,0,0,0,0,11,0,2,0,0,0,0,0,0
12045020,0,0,2.5,10.8,7.6,0,1.6,1.2,6,3.6,0,5.3,7.3,57.8,1,0,0,0,0,0.5,0,15.5,0.7,5.8,0,4,25.3,0,42,0.2,13
29040450,0.1,0.7,0,0,0,39.9,61.8,68.6,3,8.1,0.2,0,0,0,0,0.5,5.1,0,0,4.5,33.7,1.2,2.2,0,0,0,0.4,0,0,0,11.7
25020760,0,0,0,8,0,11,0,0,0,0,0,29,0,0,0,0,0,0,0,0,0,0,0,0,0,0,8,0,0,0,0
25025210,86.6,0,0,2.2,29.4,48.1,5.7,0,4.2,0,0,3,0,20.3,0,0,0,0,2.2,0,0,12.3,29.1,0,0,0,7.3,0,0,0,0
25025100,0.1,0,0,2.5,0.3,8.1,0,0,5,0,0,0,0,21,0,0,0,0,0,0,0,0,2.9,0,0,0,15.9,0,0,0.4,0
25020950,1,0,0,15,130,0,0,8,6,0,0,10,0,3,0,7,0,0,0,0,0,0,8,0,0,0,21,0,0,0,0
13075010,0,0,0,0,0,0,4.3,0,10,0,0,12.2,0,14.5,0,0,0,0,0,10,0,0,0,0,0,0,0,0,0,0,30
12045010,0,0,0,25.8,9.2,0,1.2,4.8,0,3.8,0,0,11,58.8,3.8,0,0,0,0,0,0,0,14.2,0,0,0,0,9.8,,1.4,1.4
13030010,0,0,0,0,31,95.2,0,31,0,8.2,0,0,0,1.7,1.5,0,0,29,0,4.5,0,37.2,0,3.2,0,3.4,17,1.2,0,1.8,16.3
25021370,3,0,0,11,18,20,0,58,23,0,0,7,,,,18,0,0,4,0,0,0,12,0,20,0,2,16,0,0,5
29035000,0,0,2.7,1.2,0,0,0,0,0,0,0,3.5,0,1.2,0,0,25.9,0,18.3,0,0,2.2,0,0,3,15,49.7,0,1.1,23.1,0
25025240,0,0,0,58,45,0,10,0,85,0,0,35,0,120,0,25,0,0,0,0,0,0,19,0,40,10,0,0,5,50,5
29060090,0,6,1,14,5,45,3,2,15,2,0,0,20,0,0,10,22,2,8,8,4,1,13,7,0,0,0,1,4,6,0
28040030,5,0.2,0,25,0,0,0,0,7,3,0,0,0,0,0,0,0,0,40,3,10,0,9,0,0,0,0,0,5,0,0
28015070,0.7,0,0.9,8.1,0,7.2,9.3,0,2.5,0.6,0,0,0,0,0,0,2,4.1,0,8,0.2,0,1.6,0,0,0,0,0,10,1.5,0
28040010,6,0,6,2,12,32,7,5,37,20,0,0,0,0,3,0,0,36,12,40,0,0,58,7,0,0,,5,0,0,0
28010360,7,5,27,0,0,23,21,3,30,6,0,0,82,0,0,0,0,0,0,9,6,8,5,0,0,0,0,0,0,0,7
15060180,1,3,17,1,37,0,52,0,7,11,,84,1,0,4,0,0,0,0,0,1,8,45,0,0,,0,18,0,16,7
25021640,0,0,0,25,0,0,7.5,22.7,28.4,0.7,0,0,0,1.6,4.8,0,0,0,1.1,23.9,6.3,0,3.3,0,0,0,0,0,0,67.4,0
25020250,5,0,0,60,0,0,9,7,69,3,0,0,0,0,5,0,0,0,0,2,87,0,3,0,4,0,3,0,0,8,2
15030010,1,0,0,0,5,0,0,0,6,0,0,0,12,0,0,0,22,0,0,0,8,9,29,0,0,0,0,0,0,0,74
25021600,2,6,9,15,0,0,7,5,0,0,0,0,0,0,0,0,0,53,0,0,0,10,3,0,0,4,0,0,12,30,4
1506500197,3.4,0,0,1.4,0,0,0,0,2.3,0.5,0,0,17.5,0,0,0,4.9,0,0,0,0,0.5,2.4,0,0,25.5,0,0.5,0,51.6,0
28010340,,,,,,2,0,0,0,0,0,0,0,0,0,0,,6,12,3,0,0,18,0,0,0,0,0,0,0,0
29060200,0,0,0,0,0,63,0,21,0,60,0,0,0,0,0,0,0,0,0,40,10,42,0,0,0,0,8,0,0,0,0
15045010,34.6,0,7.8,0,11.2,,0,0,19.6,20.2,0,20,0,0,0,4.4,0,0,0,0,5.4,5.8,65.5,0,0,0,0,0,0,42.3,29.4
15075030,0,0,0,0,0,,0,14,6.1,,0,,2.9,0,5.8,0.8,0,0,0,0,0,0,0,0,0,0,,0,0,0,9.2
15085030,0,0,0,0,0,0,0.5,0,3.5,2.9,1.2,1,31.4,0,43.7,30,0,0.5,0,0,0.5,5.4,23.5,0,0,0,0,0.3,2,0.1,18.7
2804500195,3.7,1.3,4.4,15.2,0,56.3,0,4,0,0.2,1.5,0,0,0,0,0,0,0,0,0.7,4.7,0,0,0,0,0,11.1,0,33,0,0
29060040,0,0,0,0,2.5,31,0,27.5,1,52,0,0,0,0,1,0,0,0,0,61,8.5,10,0,0,0,0,3,0,0.5,0,0
25025002,0.5,0.7,0,26.8,,0.6,5,5,18.4,0,0,0,0,15.3,0,0,0,0,8.9,0,0,0,4.7,0,0,0,11.4,0,0,25,0.5
15010010,9,9,0,0,31,2.5,14.5,26.7,11,12,2,1.5,5,0,0,0,27,5.5,8,24,16.5,25.5,2.5,2.5,0,20.7,0,0,8.5,0,25
1501500196,20,25.7,0,0,41,27.2,6.3,48.3,12.5,5.3,0,4.2,28.2,0,0,0,49.5,21,33.8,42.6,18.4,21.6,6.4,7.5,4.5,25.2,4.3,0,34.5,0,4.6
28040100,0,0,0,0,6,3,0,7,5,21,0,0,0,0,0,0,0,0,28,0,20,35,0,0,0,0,0,0,0,0,0
15010501,1,0,0,0,0.7,0,0.2,0.5,8.2,0,7.4,0.5,0,0,0.5,0,0,0,0,0.6,0,9.5,1.3,2,6.6,13,0,0,1.5,0,31.7
15010300,0,0,28,0,0,0,0,0,25,2,0,3.6,40,0,8,0,0,94,,6,0,0,5,11,0,0,0,27,12,0,7.5
25021240,11,0,0,0,5,0,10,31,40,0,0,0,8,10,0,0,0,0,0,20,20,0,20,0,0,0,0,0,0,30,7
29060170,0,0,0,0,0,32,0,10,0,35.1,0,0,0,0,0,0,0,0,0,0,0,18,0,0,0,0,0,0,0,0,0
29060210,33,0,10,0,0,0,0,7.4,3.2,8.1,0,0,0,0,18,0,0,0,0,0,66.3,6.7,0.8,0.5,0,0,11.2,0,1.1,0,3.6
25020220,0,0,0,31,0,0,0,0,16,0,0,0,0,0,0,0,,0,14,0,6,0,18,0,0,0,0,0,,36,0
25021500,0,0,0,2,0,0,24,2,10,0,0,0,8,0,4,0,0,0,3,0,0,30,0,0,0,0,17,0,0,36,0
29065000,0,0,0,4,0,0,4,0,37,2,5,5,5,0,0,0,0,0,0,0,7,59,0,0,0,,,0,0,0,0
28010040,0,1,8,0,36,21,50,25,8,10,,9,3,0,2,0,8,1,2,5,10,3,3,21,1,0,0,0,21,10,0
25021630,4,0,0,35,0,0,4,6,0,,0,0,0,0,0,0,0,0,0,6,0,0,45,0,0,30,0,0,30,19,0
28035020,0,0,,55.2,0,29,20,,,10.5,,0,40.4,0,0,0,0,,13.4,1.4,11.8,0,6.6,0,0,0,0,15,0,10,0
28035010,10,9,0,16,0,,1,4,0,4,2,0,19,0,12,0,0,0,35,10,2,42,12,1,0,0,0,0,0,22,4
15085020,0,0,0,0,0,0.2,38.7,0,17.9,4.9,0,0,0,0,0,0,0,0,0,1.2,1.7,0,0,0,0,0,0,0.2,0,0,14.8
28010370,0,0,0,50,0,20,0,20,3,24,0,0,22,0,0,0,0,0,28,0,0,0,0,9,0,0,0,0,0,0,0
25020690,18,0,0,0,0,0,0,0,20,,0,0,0,0,0,0,0,0,,15,38,0,0,,0,0,0,0,0,17,16
29060540,0,,0,0,0,0,40,20,0,0,30,0,0,0,0,0,0,0,0,0,0,0,0,0,0,0,0,0,0,0,30
28040140,0,0,5,9,0,0,0,23,0,18,0,0,0,0,0,18,0,8,4,0,31,30,0,0,0,0,0,0,0,0,0
29060270,0,14,16,0,0,34,,,,36,11,0,0,0,,0,0,,0,0,61,,8,0,0,0,0,0,0,,20
28040150,0,0,26.7,0,0,7.7,2.5,2,0,0,,0,0,0,0,0,0,0,0,3,0,1.7,0,0,0,0,0,0,,0,0
29060100,0,9,4,0,0,23,19,73,24,18,0,0,0,0,0,0,0,0,0,64,29,6,0,0,0,0,0,0,0,15,0
15070070,0,0,0,0,,0,,10,,0,0,0,0,0,0,0,,0,0,13,0,0,0,0,0,0,,0,0,0,0
15080070,0,0,0,0,20,0,3,4,4,0,0,0,0,0,0,0,0,0,0,0,0,0,0,0,0,0,0,0,0,0,28
15010020,0,0,35,0,0,0,0,0,50,20,0,22,35,0,15,0,0,45,5,20,0,0,18,10,0,0,0,36,37,0,0
25020240,4,0,0,5,,0,0,10,10,0,0,0,7,0,0,,0,0,0,34,5,0,18,0,0,,0,0,0,10,0
28010090,0,3.9,8.3,0,0,4.5,10.4,0,8.3,0,0,0,20.9,0,0,0,0,0,0,20,17.2,9.2,5.2,0,0,0,0,0,0,0,0
25020090,5,0,0,55,0,0,9,18,24,0,7,0,0,53,0,0,0,15,5,0,5,0,3,0,4,5,0,0,0,20,0
28040300,0,0,0,6,5,0,0,15,20,46,0,0,0,0,0,0,0,0,37,7,21,0,0,0,0,0,0,0,0,2,0
17020020,9.9,1.2,0,0,0,7.1,0,0,7.2,7.5,27.1,,8.9,5.1,2.7,0.1,41.1,2.8,0,27.4,0.2,0.2,0,4.7,27.1,12.2,0.5,5.5,21.1,17.7,37.7
1704500201,8,0.5,0,0,0,2,0,0,23,3.9,60,15,14.3,6,16,0.2,44.2,5,0,20,0,0,0,5.5,13.7,11,0.9,9.2,23.5,7.5,33
23190140,9.2,3,3,0,0,0,1.5,20.3,7,3,0,0,9,50,1.5,11,0,0.8,0,0,3,13.5,0.5,0,0,0,3.5,0,0,16,0
24025040,9.3,0.4,0,37,0.3,11,46,30,1.8,0,0,0,0,0,23.5,24.4,26.2,2.3,11.5,0,11.5,0,5.3,0,0,0,8,0,,,
23100050,6.5,31,0,7,0,0,44.2,2,5.8,0,0,9,0,27.8,0,0,0,14.5,23.7,2.3,5.6,0,12,0,25.1,0,10,21,0,35.1,0
23190350,0,10.5,0,11.6,0,0.2,2.3,3.1,0,0.4,0,0,1.2,7.4,12.3,0,0,0,0,0,21.2,2.3,0,0,0,0,0,0,0,,0
23145020,2.2,8.2,0,27.5,0,0,13.4,4.2,0,3,0,6,4,34.8,4,2,12.5,6.7,10.2,25.4,2,3,15.2,0,0,,14.5,0,0,18.4,0
16055060,1.5,0,0,5.6,0.6,0.2,8.5,19.6,6.5,0,0,0,0,0,0,24.1,0,0,1.4,0,15.7,0,0,0,6.2,0,0,0,0,7.3,0
24010230,0.1,2.1,0,34.7,0,0,5.1,3.6,1.9,0,1,1.6,1.1,0.1,6.2,8,0.5,0.6,30.4,5,10.6,0,0,0,0,0,0,0,0.1,1.6,0
24010640,18.6,19.8,0,22.6,2.9,0,23.5,0.2,14.6,0,0,0.6,0,0,15.8,5.9,0,19.2,12.8,0.2,5.3,0.5,1.5,1.4,1.5,0,28.5,0,0,24.9,6.8
24040050,0,0,0,15,11,0,9,3,4,0,0,0,2,0,6,4,0,0,0,0,0,0,0,0,0,0,0,0,0,0,0
16055010,0.8,0,0,20,0.2,2,7.4,7.8,6.8,1.8,0,0.3,1.5,1.6,0,16.1,0.4,0,0.4,3.2,9.2,0.4,3.2,0,1.8,0,0,0,0,14,0.3
16055040,13.8,0,3,4,0,0,10.8,42,12.3,0.7,0,0,1.5,4,0,11.7,0,0,9,2.2,7,0,1,0,1.9,,0,0,0,13.3,0.6
23190700,0,0,0,8.3,0,0,18.2,0,0,0,0,0,0,0,0,0,,18.5,0,0,3.2,0,1.6,0,0,0,0,,0,10.8,0
23125120,46,0.9,0,2.9,20.2,0,8.4,2.7,4,12.4,0,0,0,0,0,3.4,2.8,26.4,16.3,42.2,23.6,1.2,19.4,0,0.3,0,4.5,0,0,38.6,0.5
24030210,0,0,0,29.6,0,10.5,53,2.3,3.2,0,0.5,0,4.2,0,0,1,0,0,0,0,0,0.2,0,0,0,0,1.2,0,0,0,0
16015020,0.6,8.4,0,0,1.3,9.5,20.7,0,5.7,1.3,0,0,2,0,0,0,0,0,,8.5,2.2,0,0,0,0,,3.5,,0,0,0
24025020,0,0,0,26.3,0,0,2.6,16.8,2,0,0,0,0,0.7,3.8,4.3,0,0,14.2,0,0,0,0,0,0,0,0.8,0,0,0.5,0
23180070,98.2,0,0,58.1,0,0,1.6,17.4,14,0.1,0,0,14.7,2.8,0,0,0,7.9,0,32.5,47.2,13.9,5,0,0,2.3,0.4,0,0,25.9,0
16010010,0,0,0,9,0,7,0,0,12,0,0,0,0,0,0,0,0,0,0,0,2,0,0,0,1,0,2,0,0,0,0
24020130,0,0,0,39,0,0,0,16.5,0,0,0,0,0,0,8,5.7,0,0,3,0,0,0,0,0,0,0,15,0,0,3,0
37020030,0,0,0,0,0,0,0,6,85,28,0,0,79,26,6,0,0,0,0,0,7,46,12,0,0,52,58,2,11,0,0
37035010,0,0,0,0,0,35.8,67,10,14,0,0.8,0,33.6,41.1,3.5,0,0,0,0,0,19.8,4.4,0,0,0,13.2,94.2,0.5,25,0.3,0
23180020,0,0,0,18,0,12,0,14,9,0,0,0,0,45,0,0,0,58,0,85,55,44,25,0,30,12,35,0,0,10,0
16025040,24,0,0,34.4,0,0,14.2,101,0,0,0,0,0,0,0,0,0,4.2,42.5,4.2,0,0,0,0,0,0,0,0,0,8.5,0
23190600,0,12,0,10,0,0,0,0,0,0,0,0,0,10,0,28,0,0,0,0,0,45,10,0,,0,,0,,12,0
16035030,0,0,0,12.8,0,16.5,42.2,0.4,14.2,2.3,8.7,0,0,0,0,6.5,0,0.6,0,17.9,3.2,0,0,0,16.7,0,0,0,0,0,6
16020010,0,0,0,20,0,5,5,0,8,0,0,0,4,0,0,19,0,0,,0,13,0,0,0,0,0,0,0,0,0,
16025030,0,0,26.6,4.8,10,1.4,42.6,0,6.7,0.5,0,0,0.4,0,1,22.8,0,0,2.7,13.8,45.1,0.5,0,0,2.5,0,0,0,0,0,0
16025010,0,,1,,0,0,1.2,0,8.5,0.9,0,0,2,2.1,0,6.4,0,0,0,2.9,1.1,0,0,0,0,0,0,0,0,0,0
16055100,0,0,0,0,0,10,,14,10,0,0,0.5,,,0,32.6,4.5,0.5,2.2,0.9,,0.5,10,3,,,0,0,,,
24010650,32.4,49.4,0,13.6,4.2,0,9.9,0.8,25.3,1.7,0,2,2.8,5.8,34,29.8,0,0.2,34,12.8,33,17.3,39.4,0,5.3,0,23.6,0,4.3,39.6,1.2
24010660,0,5,0,25,0,0,10,25,0,0,0,9,1,0,12,5,0,7,34,3,3,0,3,0,0,0,1,0,0,3,0
16020080,0,0,0,4,0,12,6.7,2.7,23.1,0,0,0,1.4,0,0.2,25.3,0,6.6,9.5,19.7,13.4,17,0,0,0,0,8,0,0,0,0
16030080,0,0.5,0.4,6.4,0,15,15.9,1.4,15,2.2,0,0,1,0,0,10,0,0,11.5,5.2,5.1,0,0,0,7.8,0,0,0,0,0,0.7
23190110,25,0,26.8,0,0,0,1.3,4.8,37.2,0,0,0,6.5,0,0,0,0,1.7,0,12,10.6,4.4,0,2,0,41.8,0,0,0,96.7,0
24020120,0,8.7,1.3,11.3,0,6.2,37.8,11.3,4.2,0,5.1,39.4,2.1,2.9,19.1,2.9,5.9,6.3,46.7,13.2,7.2,42.4,14.4,0,7.4,0,0,0,2.4,5.1,20.1
37010020,0,0,0,0,0,1.6,4.5,0,4.2,14.3,0,0,15.6,3.7,1.4,0,0,0,0,0,0,0,1.2,0,1.6,2.3,13.4,0,1.5,0,0
23190500,1,0,4,7,0,0,4,18,45,0,0,0,12,0,0,0,0,4,9,4,19,0,2,0,0,25,0,0,6,78,0
16050290,25.7,0,0,6.7,0.2,0,54.6,13.9,24.2,5.3,12.8,3.1,0,0,16.5,7,0,2.1,5.2,65,2.8,3.5,1.4,0,17.8,0,2.1,1,0,0.5,0
23215050,12.2,0,0,37.8,0,0,44.4,2.3,2.8,17.3,2.1,0.2,64.9,0.5,5.8,0,0,2.6,49.7,18.7,21.4,0,1.9,0,0,0,0,0,9.7,39.5,0
16015100,6,0,0,3,4,2,3,0,22,10,0,0,13,2,0,0,2,3,9,0,4,0,4,0,2,4,8,4,5,0,1
24030950,0,1,0,25.5,0,3,10.8,2.5,2.6,3.2,0,0,0,0,2.8,21,0,0,2.2,16.2,8.3,0,3.2,0,0,0,3.1,0,0,1.1,0
23205030,0,0,0,2.4,0,0,18.2,43.5,0.5,0,0.8,3.8,2.6,5.5,0,0,0,5.9,15.8,0,0,0,28.8,0,0,0,34.2,0,0,24.8,0
24010750,9.2,23.9,1.3,3.8,0.4,0,26.7,0,2.4,0,0,0,0,0,1.3,0.2,13,23.8,10.8,0,15.8,3.5,0.9,0,3.4,0,14.3,0,5.5,36.8,5.4
24015250,58,3,0,12,2,0,5,9,30,0,0,0.8,0,0,75.3,63,0,1,10.3,4,54,7,48.5,0,1,0,0,0,0,52,1
23125060,1.2,99.1,11.1,,,0,0,0,6.5,0,0,3,0,0,21,1.1,0,54,19.3,32,0,3.9,0,0,56.2,0,3.9,0,0,32.1,40.5
23125040,,81,0,10,0,0,22,7,3,0,0,0,0,0,0,13,0,81,62,10,51,0,57,0,0,0,11,,0,71,0
23155040,,0,,14.2,0,0,64.6,0.6,86.5,0,0,0,0,6.6,0,0,0,,,49.5,36.6,0,0,0,0,0,0,0,0,19.3,0
24025050,11,,0,13.7,1,17,19,25,2.5,0,37,0.2,0,1.2,4.7,17.8,2.5,4,15.5,5.5,10.8,15,50.2,0,1.8,0,0,0,0.1,3,4.8
24015260,14.6,25.2,0,14.5,0,0,6.9,20.8,2.3,0,0,22.3,5.2,0.6,16.3,18.8,0,3.6,70,14,0,0,48,0,0,0,0,0,0,32,0
23130010,60.4,0,0,7.2,0,0,41.8,0.2,60.6,7.3,0,6.5,0,8.1,0,0,0,27.2,1.8,14.6,51.3,11.6,31.2,0,0,0,0,18.7,0,38.7,0
23210020,0,13,0,47,0,0,,23,16,34,0,0,0,23,0,12,0,0,0,23,13,0,0,0,0,0,9,0,0,32,
24020040,0.2,44.9,0,28.6,1.8,21.4,48.3,7.2,0.3,0,0,2.5,0,0,2.3,48.5,18.4,39.2,25.7,11.4,10.8,32.5,3.2,0,0.3,0,0,0,6.4,28.3,37.2
24010820,0,23.7,0,10.7,7.5,0,54.7,0,6.1,0.6,0,0,0,0,14.6,9.9,0.5,4,27.6,0,28.2,8,0,0,0,0,5.5,0,0,15.2,0
37010010,1,1,0,0,1,2,8,1,31,4,0,7,13,20,2,0,0,0,0,2,6,4,2,1,4,29,23,5,0,0,0
37020020,0,3.5,0,0,2.5,0,0,0,41.7,10.9,0,16,16.5,13,2.2,0,0,0,0,0,5.5,0,2.5,6,3.8,12.2,33.5,0,1,0,0
24055040,1.4,1.5,0,41.2,0,0,16.3,19.5,0,0,0,3.2,3.1,7,12.3,1.5,0,17.5,8.5,0,4.5,6.5,1.5,0,0,0,1.5,0,0,1.2,0
23195090,0,,0,3.5,0,0,8.5,8,1,1,0,0,4,0.5,6,,14,2.6,1.5,0,3,6.5,0,0,0,0,0,0,0,22,0
24011070,,40,0,8,0,0,4,13,19,0,0,0,2,0,50,37,0,1,10,12,24,38,51,0,0,0,0,0,0,11,2
16035010,0,12,0,2,0,0,23,0,0,0,0,0,0,0,0,2,0,0,0,4,0,0,0,0,4,0,0,44,0,8,0
23200010,0,5,0,3,0,0,25,5,15,3,0,7,0,13,0,0,0,15,25,0,0,0,0,0,0,0,6,0,0,0,
24010760,6,15,0,3,7,0,23,0,0,0,0,0,0,0,23,2.3,2.5,1.5,7,0,1.6,9.5,7.6,0,0,0,10,0,0,75.5,2
24010670,25,34.5,10,40.5,40,0,22,0,28.5,5.5,2,0,0,0,43,34,0,12,12,0,0,0,5,0,24,0,3.5,0,0,12,24
16030090,0,16,0,3,0,0,23,0,12,0,0,0,0,0,0,3,0,0,0,3,7,3,0,0,2,0,0,0,0,0,0
24020080,0,0,0,21.5,0,0,32.3,15.4,20.2,0,0,0,0,0,0,13.4,9.1,0,24.6,0,0,0,0,0,0,0,0,0,0,0,0
23205020,0,,0,10.2,0,0,0,11,39.7,1.2,0,1,0,21,0,0,0,0,0,58,21.6,6.8,31.4,0,55.6,,2,0,0,22.3,0
23160010,10,0,0,8,8,0,38,0,27,25,0,0,0,40,0,0,0,8,10,40,30,0,0,10,0,0,0,0,0,8,0
24055030,0,13.5,0,23.5,0,7.5,2,24,0.6,0,0,0,2,1,5.8,0.2,0,4,0,1.3,0.5,4.6,10,0,0,0,1,0,0,5.5,0
25020970,7,0,0,96.7,0,0,2,0,7,13,0,0,0,15.9,0,3.5,0,16,16,2.6,5.9,0,5.3,0,0,0,0,0,0,27.6,0
37015020,0,0,0,0.6,0,0,4.9,0,2.5,4,0,0,6,5.3,0.8,0.1,0,0,0,0,0,0,0.3,0,0.1,0,2.1,0,0.5,0.8,0.8
23125050,39.5,1.6,0,3.3,0,0,24.6,1.8,20.5,9.6,0,0,0,3,0,0,0,38,9.7,31.4,110,27,48,0,0,0,2.5,7.3,,13,0
24035400,0,0,0,15.2,0,5.2,18.2,2.5,3.2,1.6,0.9,0,6.2,0,0,0.6,0,0,0,0,0,0.4,0,0,0,0,0,0,0,3.4,0
23190440,0,0,0,41.7,0,5.3,33.4,8.1,2.6,3.7,0,0,0,2.1,0,0,0,5.2,4.7,25.5,79.3,5.2,3.6,0,0,0,0,0,0,35.6,0
24030340,0,1,0,15.5,0,0,12,6.2,1,2.3,0,0,0,0,32,1,0,24.5,2.5,9.2,9.2,0,8.7,0,0,0,1.5,3.5,0,5.5,0
37050050,0,0,0,81,40,0,,,30,,0,0,0,0,0,0,0,0,0,0,0,0,0,0,0,0,0,0,77,0,0
16010110,10.1,0,0,4.2,0,35.2,9.2,0,30.1,0,0,0,0,0,0,12.3,0,0,0,0,0,6.4,6.5,0,0,0,6.5,0,0,0,0
23195110,1.1,1.1,0,8.3,0,0,0,0,0,0,0,0,0,0.5,3.9,0,0,0,0,0,0,1.4,0,0,0,0,0,0,0,28.2,0
24050100,0,0,0,37,0,0,0,10,0,0,0,0,0,0,6,0,0,5,7,0,5,3,4,0,0,0,0,0,0,0,0
37050010,0,0,0,0,3,55,2,11,30,0,0,2,8,0,0,0,0,0,3,0,0,22,0,0,3,1,38,0,28,0,0
24030270,1.1,3.9,0,17.5,0,0,9.1,0,1.2,0,0,0,0,0,6.4,10.5,0,30.9,2.6,12.1,1.1,0,0,0,0,0,0,0,0,2.9,0
16030140,0,0,0,22,0,0,110,17,7,0,8,0,0,22,24,2,0,0,5,30,0,3,0,0,0,0,0,10,0,0,12
16020140,0,0,0,8.9,0,0,11.1,23.1,0,0,0,0.6,0,3.8,8.1,2.5,0,0,21.6,6.7,0,0,0,0,0,0,0,0,0,0,11.1
24050060,0,0,0,9.2,0,0,4,4,0,0,0,0,0,0,0,5.2,0,4,0,4.2,5.2,4,3,0,0,0,3,0,0,5.3,0
24030680,1,1,0,7,6.3,8.3,9,6,1.9,6.6,0.5,0.6,0,0,4.3,8.4,0,0.5,0,11.8,2.3,0,1.1,0,0,0,0.7,0,0,0,0
24030750,2.3,5.7,0,12.4,0,0,11.4,3.2,0,0,0,0,0,2.5,21.6,1.3,0,3.8,0,2.7,10.5,0,0,0,0,0,0,0,0,2.7,0
24010240,,11.9,0,18.3,0,0,52.7,27.2,7.3,0,0,6.9,2.7,0,35.7,22.7,2.3,2.9,,11.5,2.7,3.9,3.4,3.7,4.7,0,0,0,0,23.2,0
23180100,0,0,18,5,0,0,11,13,76,0,0,0,0,0,0,0,0,17,14,0,0,0,64,0,0,15,0,0,0,35,6
23147020,5,0,0,5,0,0,10,2,87,5,0,0,0,0,55,0,0,0,2.4,10,25,0,72,0,0,0,0,0,0,,
16040050,3,0,0,9,0,0,26,2,5,0,13,0,19,17,0,21,0,2,8,0,2,0,1,0,0,,,0,2,34,0
37050040,0,3.4,0,4.6,3.2,5.4,45.8,0,8.3,9.5,0,0,0,0,0,0,0,0,0,0,0,0,0,0,0,2.7,23.5,0,5.7,0,0
16010040,0,0,4,21,0,6,10,36,0,0,0,0,0,0,0,9,0,44,6,72,0,0,0,0,4,0,11,0,0,4,0
24020150,0,0,0,19,0,0,0,9,3,0,0,0,2,0,3,5,0,0,11,0,0,0,0,0,0,0,9,0,0,2,0
16055020,3.5,0,,7,0,0,8.5,9.7,18.6,0,8.8,0,0,0,0,4.8,0,0,0,42.2,8.2,0,0,0,31.3,0,0,0,0,,
23190130,0,0,0,10.1,0,10,0,0,0,0,0,0,0,0,0,0,20,0,5,0,5,0,0,0,0,0,0,0,0,6,0
23185010,70,0,0,82,0,0,5.5,68,100.2,0.2,0,0,2.9,4.2,0,,0,19,0,16.2,,,,0,0,3.8,0.3,0,0,18,0
23190560,16.6,0,0,2.6,0,0,1,92,96.6,0,0,0,1.6,1.9,0,0,0,13.6,0,4.8,10.6,55.8,2.2,0,0,11.7,0,0,0,8.2,0
24050070,0,0,0,25.7,0,0,59.8,17.2,0,0.6,0,0,0.3,65.7,0,0,0,2.3,0,74.2,17.3,6.6,6.7,0,0,0,0,0,0,27.5,0
24030350,0,29.8,0,6.8,6.9,0.8,11,1.5,1,0,0,0,0,0,0,0,0,0,3.5,0.8,4.2,7.1,0,0,0,0,0,0,0.5,0.6,6
24015300,0,16.5,0,0.5,34,0.5,10.5,2.5,3,0,0,0,0,0,0,0,0,0,16,0,3.5,4.5,4,0,0,0,0,0,0,2.5,22
24035070,0,0,0,6.7,16.3,12,3.6,11,2.4,0,0,2.8,0,0,13.4,7.3,4.3,3,0,0,3,1.5,2.1,0,0,0,1.2,0,2.5,4.8,0.5
24015220,0,9,0,1.4,4.6,14.4,6.3,2.3,0,0,0,0,0,1.6,0,0,0,0,5.1,0,16.8,5.3,0,0,0,0,0,0,0,0,14.3
24035120,0,10,12.5,0.1,7.5,0,5,0,0,0,0,0.9,0,0,,0,0,0,8,0.1,11.5,12,0,0,0,0,0,0,0.2,0.3,7.5
24035130,0,5.4,0,,,1.8,15.1,3.6,1.1,1.2,,,,0,0,0,0,,,9.5,1.6,1.8,0,0,,,1.6,0,0,4.1,12.9
24035430,0,6.1,1.4,0,6.4,0,4,0.8,4.4,0,0,0,0,0,0,0,0,1,11,0,14.6,13.6,0,0,0,0,1,0,0,1,12.5
24035260,,,,,13.6,1.2,3,9.1,1,0.2,0,0.7,0,0,27.7,0.5,0,0,7,0,0,0,0,0,0,0,5.5,0.1,0,14.3,0.1
24035330,0,8.5,0,19.5,4.4,5.2,22,4.5,2.6,0,0,6.6,0,0.5,1,0,19.2,0.2,0,1.6,0.9,16.3,2.6,0,0,0,0.7,0,0,6.4,1.4
24035340,0,3.8,0,0,0,2.8,11.2,3.8,0.6,0,0,0,0,0,0,0,0,0,0,3.8,4.2,2,0,0,0,0.4,0,0,0,0,0.4
36015010,0,0,0,0,36.2,7,84,7,3.7,0,0,0,17,27,1.5,0,0,0,5.5,0,0,16,0,0,0,4,14,0,21,0,0
35075020,0,0.8,0,0,2.4,0.4,2.6,3.6,6.5,0,0,15,1,4.3,0,0,0,0,0,0,7,0.8,0,0,2.5,4.3,3.6,0,0,0,0
35085050,0.2,10.1,5.8,8.8,,7.2,7,0.3,21.4,0.2,,15.5,2.1,22.4,4,0.2,0,0,3,32.8,6.6,0.5,0.4,0,4.7,29.6,5,1,0.2,0,2
35215020,0,0.8,0.3,0,20.8,9.6,43.8,12.2,9.9,5.2,0,0,0,57.1,0,0,0,0,0,0,0,47.9,0,0,0,39.8,1.6,0,36.5,0,0
35090050,,0,11,0,0,0.5,26.6,10.6,0,16.4,0.9,28.7,3.7,47.5,1.3,0,0,0,0,0.6,18.4,0,0,0,13.5,48.7,0.5,0,7.2,2.8,0
24030230,0,3.5,0,0,0,8.6,34.7,0.9,2,0,0,0,0,0,0,0,0,0,0,9.5,7.4,0,0,0,0,0,0,0,0,0,3.8
23120250,1.5,2.8,,5.1,2.1,2.5,10.1,1.1,6.1,0,0,2.1,0,22,22.6,0,0,3.9,52.6,0,8.5,17.3,0,0,2.6,0,12.3,0,16.5,20.6,39.9
23125140,1.7,4.2,39.7,6.5,9.4,5.5,3.2,5.7,9.2,0,0,3.5,1.2,0.4,10.7,5.2,9.7,8.2,63.9,0,1.2,10.2,0.4,0,12.7,0,0,0,0,23.5,38.5
24010180,0,31.7,0,0,23.8,0,11.8,0.9,0,0,0,0,0,0,0,0,0,0,18.9,0,4.7,18.6,0,0,0,0,0,0,0,0.9,28.2
24030260,0,0,0,10.5,9.5,28,3,9,2.9,0,0,2.2,0,0,1.5,1.8,5.4,0,0,0,0,1.5,4.3,0,0,0,0.3,0,1,2,1
24030310,0,15,0,0,0,0,19.5,0,1.2,,0,0,0,0,0,0,0,0,8.5,0,12,42,0,0,0,0,0,0,0,1.5,2.1
23125100,0.5,10.5,12.5,80,2.2,26.5,22.4,3.5,6.8,0,0,9,0,0,0,4,0,0,35,0,2.5,36,7.8,0,2.5,0,0,0,0,11.4,20
35075010,0,4.5,0,0,0,0,8.5,3.5,10,0,0,9,0,6.5,0,0,0,0,0,21,3.5,1.5,0,0,0,8.5,2.5,1,1,0,8
35075040,0,3,0,0,3.1,2.5,2.7,0.3,10.7,1.8,0,31.2,0,13.8,1,0,0,0,0.4,0,12.7,2.3,0,0,12.5,12,4.2,0,0,0,0
35195020,0,48.8,0,0,7.2,76.8,39.8,0,16.8,0,0,0,59.5,3,0,0,0,0,0,94,0,4.5,0,0,4.5,13.5,1,2.4,11,0,0
35210050,0,0,0,0,51,0,24,72,23.5,12.5,0,0,0,72.5,0,0,0,0,0,0,0,9.5,0,0,0,66,0,0,18,0,0
24015090,19,12.4,0,50,3.2,0,28.5,,,,,,,0,,,0.2,0,23.6,0,2,2.5,0,0,3,0,0,0,0,6,19.8
35230040,0,0,,0,8.8,30.4,84,0,0,0,0,0,0,41,7,0,0,0,0,,,,,,,26,6,0,18.2,0,0
36025010,0,0,0,0,27.8,0,0,81.8,78.6,4.4,0,4.8,0,0,22.4,0,0,0,0,0,0,19.2,0,0,0,0,32.4,0,0,0,0
35235040,0,0,0,0,0,29.5,27.5,0.5,39,11,0,2.6,6,1.5,2.5,0,0,0,0,0,0,38,0,0,0,4.5,3,0,23,0,0
35235050,0,20.6,2.7,0.2,3.7,2,45.6,10,38.1,5.8,0,0.9,2,31.5,75.4,0,0,11.8,0,0,0.9,58.8,13.9,0,0,10,19,0,20,0,3.4
24035040,0,4.8,0,0,0,0,12.7,1.5,1.2,0,0,0,0,0,0,0,0,0,0,0,6.1,8.3,0,0,0.5,0,1.3,0,0,4.4,8
35070080,0,1.1,0,0,0,0.5,3.2,2.4,13.5,0,0.2,9.9,0,11,0.7,0,0,0,0,0.2,6.8,4.3,0,0,2.4,11.2,3.6,0,0.1,0,0.9
35070040,0,2.9,0,0,0,0,3.9,2.2,5,0.5,0,2.3,0,6,0,0,0,0,0,15.5,13.5,1,0,0,0,6.3,2.2,1.3,0,0,5
35070210,0,1.5,0,8,0,0,6.7,1,11,0,0.5,11.4,0,6.5,0.5,0,0,0,0,3.5,9.4,8.5,0,0,7.7,16,0.5,0,0,0,1.1
35070020,0,5.5,0,0,0,14.5,12.7,4.5,10.5,0,0,1.5,0,11.5,0,0,0,0,0,6,6,0.5,0,0,0,4.5,3.5,0,0,1,10
35080060,0,8.4,1.3,4,0,1.6,4.9,4.4,21.5,0,0,39.1,0,20.8,0.7,2.7,0,0,3.9,0.9,2.8,24.6,3.9,0,7.8,15.4,12,1.7,1,0,0
36030030,,0,0,1,,,54.5,8.5,65.5,0,0,0,0,0,0,0,0,0,0,0,0,13.8,0,0,0,0,21.4,0,23.2,0,0
35070260,0,2,0,0,11,0,1.5,3,7,0,0,17,3,12,0,0,0,0,0,0,3.5,0,0,0,9,0,0,0,0,0,0
35070070,0,12.9,0,14.4,0,0.2,7.9,0.2,17.4,0,0,8.9,0,7.8,0,0,0,0,0,4.1,7.1,3.5,0,0,4.6,6.5,5.6,0,0,0,1.1
35070100,0,0.1,0,0,5,2,1,1,6,0,0,16,0,3,0,0,0,0,0,0,21,0,0,0,2,5,0,0,0,0,0
35080070,0,22.9,3.1,3.6,20.4,1,71.9,2.6,19.7,0,0,76.6,0,52.6,0,0,0,0,0,3.5,1.2,2.1,0,0,37.3,54.5,1.8,2.4,0,0,0.8
24030240,0,1,0,2.5,3.2,0,8,3.2,0,0,0,0,0,0,0,0,0,0,0.5,0,0,0,0,0,0,0,0,0,0,0,2.5
24010830,0,19,0,0,28.5,23,7,1,1,1.5,0,0,0,0,0,0,0,0,40.3,4,6,8,0,0,0,0,1,0,0,4.5,30
24010810,18.7,12,0,6.2,0.5,0,44.5,3,3.5,1.5,0,0,0,0,0,0,36,0,12.5,0,22.5,54.5,14.2,1.5,0,0,1,0,0,12.5,24.7
23125090,7.6,12.5,0.7,50.2,0.7,0.4,4.3,5.5,20.4,0,0,2.7,0,0,0,0.6,0.8,2.9,54.3,0,25.1,15.3,0.4,0,13.1,0,2,0,0,39,58.3
35070010,0,11.9,0,0,0.6,0,8.1,3.3,19,0,1.3,0.4,0,4.6,0,0,0,0,0,0,20,16,0,0,0,3.8,1.3,0.7,0.4,0,7.6
35070180,0,4,0,0,22,0,3.5,0,18,0,1,40,0,31,6,0,0,0,1,16,33.5,2,0,0,9.5,73,6,13.5,3.5,0,0
23120050,0,7.3,36.3,5.5,4.7,5.2,31,4.8,47.5,0,0,0,0,19.8,5.3,34.5,0,23.9,67.5,0,16.5,12.4,0,0,21,0,0,0,0,23.6,47.9
24030800,0,9,0,0,0,0,14.7,2,1.5,0,0,0,0,0,0,0,0,0,0,0,9,3.5,0,0,0,0,6.4,0,0,0.5,
24010630,6.8,14.4,16.3,1,11.2,2,19.9,0.1,13.7,0.4,0,0,0,0,0,0.7,0,0,39.1,9.8,41.4,28.3,15,0,0,0,3.6,0,2.1,13.3,18.8
24030400,0,30.3,0,19.3,4.2,0.1,16.5,0.1,1.6,0,0,0,0,0,0,0,0,0,2.8,4.4,2.4,1.7,0,0,0,0,2.3,0,0,0,22.7
35080010,0,0,0,0,0,0,32.5,0,1.5,0,0,14.3,1,10.5,0,0,0,0,0,7.5,12.9,18,11,0,4.3,32,4,0,4.9,0,0
35190070,0,13,0,0,7,3,72,3,32,0,0,0,0,,,,0,,0,0,,2.5,0,0,0,26,0,0,16.5,0,0
35085040,0,1.1,0,0,0,0,13.8,1.2,6.2,6,0,22.5,0.6,9.1,2.6,0,0,0,0,40.7,8.9,3.6,0,0,0.7,23.6,2.5,0.7,1.4,0,0
24035310,0,0,0,9.8,0,28,27.4,9,4,6,0,0,0,6,14,12,9.4,0,8,0,0,0,6.4,0,0,0,6,0,9,0,
24035250,0,0,0,3.2,1.3,1.2,7.2,11.2,7.3,6.2,0.2,7.7,3.4,3.1,1.6,0,0,0,4.4,1.5,1.5,0,0,0,2.7,0,30.7,0,0,0,3.9
35210010,0,30.8,0,0,20.6,3.5,10,4,22,0,0,3,0,17.9,17.5,0,0,2,9.5,4.2,0,13.5,0,0,5.5,26.5,3.5,12.5,1,22,7
35085020,0.9,2.3,1.1,0,0,0,9.9,2.2,8.3,1.2,0,9.6,0.3,2.8,3,0,0,0.4,0,6.8,12.4,32.5,1.4,,0,7.4,3.3,0.6,4.5,0,0
35195050,22,44.2,44.2,4.7,18.5,3.7,19.7,2.2,39.7,9.7,0,13.7,7.5,5.2,3.5,0,0,0,6.7,13.7,0,3.8,19,3.5,1.9,5.4,18.5,1.5,2.5,12,1.7
35190030,0,8.1,0,0,0,0,44.6,0,11.5,2,0,20.6,17,0,4,0,0,0,3.7,8.6,17.7,4.6,1.3,0,0,27.5,2.7,12.3,9.4,0,1.7
24015360,2.3,10,0,1.1,0.4,0,12.6,3.2,15.6,0.4,0,0.2,0,0,0,0,0,2.5,23.2,0.9,2.4,5.5,3.6,0,18.8,1.2,0,0,0,6.6,25.2
24035020,0,0,0,7.6,3.7,0,9,0,0,0,0,0,0,0,0,0,0,0,16.2,,13.1,0,0,0,0,0,0,0,0,0,4.2
35075030,0,16,0,0,0,0,9.7,8,9.6,0.2,0,2.9,0,4.2,0.1,0,0,0,0,3.1,12.1,12.5,0,0.1,0.1,1,0.4,1.2,1.7,0.6,5.7
21010140,2,20,1,2,0,0,0,2,0,0,0,8,0,1,1,0,0,0,0,1,2,8,4,0,0,2,9,5,0,0,3
21020050,0,23,0,0,0,0,0,0,0,0,0,21,2,0,0,0,0,0,0,0,0,3,20,3,0,0,5,0,0,0,0
21060070,0,0,0,0,0,0,0,0,4,0,0,0,0,0,0,0,0,0,0,0,0,0,0,0,0,6,0,0,0,0,12
21110040,1,17,0,0,0,0,50,3,90,0,0,0,0,1,0,0,0,0,10,4,0,0,1,2,0,0,4,2,0,0,4
21050140,0,44,0,0,0,0,2,0,3,0,0,3,0,0,0,0,0,0,2,0,10,17,0,0,0,0,0,0,0,0,7
44045020,0.5,2,7.5,0,0,4.5,18,0,1,0.5,11.5,0,0,0,0,0,0,0,0,7,0.5,33,5.5,0,0,0,6,0,0,0,0
21135030,0,0,0,0,29.3,21.8,51,0,46.2,0,0,5.3,0,0,0,0,0,0,0,2,0,0,0,0,0,0,0,0,0,0,0
21145040,0,,0,0,23.2,0,84,0,5.2,3.8,0,18.1,0,0,0,0,0,0,0,5.7,1,0,0.2,0,0,0,0,0,0,0,0
21110330,0,17,0,0,13,0,78,0,67,0,0,5,0,0,0,0,0,0,17,0,0,0,0,0,0,0,0,0,0,0,23
21110070,0,1,4,0,0,0,27,0,10,0,0,2,0,0,0,0,0,0,5,0,3,23,1,0,0,0,3,0,0,0,9
21110180,0,5,0,0,0,0,35,0,15,0,0,0,0,0,0,0,0,0,51,0,0,0,0,0,0,0,0,0,0,0,8
44040020,0,15,27,0,0,0,0,0,27,15,0,15,0,11,0,0,0,0,0,0,11,32,11,17,0,0,23,0,0,0,0
21140080,0,30,9,0,0,0,50,15,0,20,0,30,0,0,0,0,0,0,0,10,0,30,0,20,0,0,8,0,3,0,0
21060090,3,25,0,0,0,0,27,0,0,0,0,0,0,0,0,0,0,0,2,0,0,0,0,0,0,0,0,0,0,0,0
21050170,0,10,0,0,0,3,40,3,30,3,0,15,0,0,0,0,0,0,0,0,0,0,19,52,0,0,0,0,0,0,0
21080080,1.3,12.8,0,0,0,9.9,8.9,4.5,24.2,1.6,0,0,0,0,0,0,0,0,5.6,0.4,11,0,4.4,28.5,0,0,0,2.6,0,0,11.3
21080070,3,21,0,0,0,0,51,0,11,0,0,0,0,0,0,0,0,0,51,0,0,15,0,3,0,4,0,0,0,0,29
44045010,0,9.9,90.4,0.5,,0,0,0,4,0.9,0,15.2,5.3,0.2,0,0,0,0,0,0,1.6,134.3,2.6,4.7,0,22.4,8.5,1.1,0,0,0
44030060,0,5,10,0,0,0,28,0,40,0,10,20,45,5,0,0,0,0,0,0,0,12,5,30,0,0,40,0,5,0,0
21010050,0,18,3,1,0,0,0,2,0,1,0,14,0,0,1,0,0,0,0,0,0,24,2,1,0,3,9,4,0,0,0
21040050,0,40,0,0,0,0,0,0,0,,0,21,5,0,0,0,0,0,0,5,15,32,8,50,0,0,13,7,0,0,0
21050090,3,12,0,0,0,6,19,0,21,0,0,3,0,0,0,0,0,0,4,0,9,4,3,21,0,0,0,4,0,0,0
21050290,0,37,0,0,0,0,0,0,4,0,0,0,0,0,0,0,0,0,10,0,0,8,11,5,0,0,0,0,0,0,10
21010110,0,6,1,1,0,0,0,0,0,0,0,13,0,0,0,0,0,0,0,1,0,10,14,1,0,7,11,1,1,0,0
21055030,10.2,12.9,5.4,0,0.5,0,54,1.1,3.5,8.7,1.2,16.6,0,0.4,0,0,0,0,0,5.8,0,2,5.4,5.5,0,0.7,1.7,5,0,0,0
21030080,0,2,7,2,0,0,0,0,0,0,0,21,0,2,0,0,0,0,0,0,6,84,10,11,0,0,20,0,0,0,0
21020040,0,13,0,0,0,0,0,0,0,0,0,14,0,0,0,0,0,0,0,0,17,37,11,0,0,0,8,3,0,0,0
21080030,20,10,0,0,0,0,50,0,10,0,0,0,0,0,0,0,0,0,60,0,0,0,0,1,0,0,0,0,0,0,15
21090020,18,51,0,0,0,0,39,0,9,0,0,0,0,0,0,0,0,0,10,0,0,0,0,5,0,0,0,0,0,0,0
21030090,0,84,2,0,0,0,0,1,0,2,0,10,0,0,0,0,0,0,0,4,0,5,0,5,0,1,4,0,0,0,1
21010190,0,15,16,7,0,0,0,32,0,0,0,22,0,10,0,0,0,0,0,0,0,45,20,13,0,40,10,12,0,0,0
21015030,4.5,34.4,1,1.2,0,0,0.1,4.6,0.5,1.4,1,7.5,0.4,10,0.1,0,0,0,0,0.4,3.5,1.7,1.5,0,0,4.7,10,3.5,0,0,1
21115100,0,0.5,0,0,0,0,0.8,0.2,2.9,2.4,0,0.4,0,0,0,0,0,0,10,0.6,24,14.4,0.7,0.3,0.2,3.2,14,0,0,0,5.8
44135010,0,0,16.2,0,0,1.2,6.5,5.4,0,16.8,,22.7,1,0,0,0,0,0,0,0,0,15.3,0,10,0,0,1.7,11.3,14.8,0,0
21010160,9,40,0,0,0,0,0,0,18,7,3,8,0,1,0,0,0,0,0,0,0,2,7,0,0,4,8,3,0,0,1
21060080,0,15,22,1,0,0,0,1,0,0,0,10,2,1,0,0,0,0,0,0,0,4,1,0,0,1,2,2,0,0,0
21065040,0,0.7,1.2,0,0,0,0,0.4,3.6,3.4,0,6.1,0,0,0,0,0,0,8.9,0,0,0,7.3,7.4,0,7.4,4.8,0.6,0,0,0
21040030,0,15,0,0,0,0,0,0,0,0,0,16,2,0,0,0,0,0,0,2,2,17,12,3,0,2,12,2,0,0,0
21010040,0,17,0,0,0,0,0,1,2,0,0,14,0,0,0,0,0,0,0,0,0,10,4,3,0,15,7,2,0,0,0
21145080,8.4,1,0.2,0,0.2,0,45.2,0.6,0.8,19.3,0,5.8,0,0,0,0,0,0,0,0,0.5,18.6,1.7,2.2,0,0,1.6,1.5,0.1,0,0.4
21110460,0,18,0,0,0,0,19,0,14,1,0,0,0,0,0,0,0,0,34,0,0,8,1,0,0,0,0,0,0,0,6
21110160,1,15,0,0,0,0,63,0,48,0,0,0,0,1,0,0,0,0,5,0,0,0,0,0,0,1,1,0,0,0,19
21110440,2,76,0,0,0,0,43,0,0,3,0,0,0,0,0,0,0,0,57,0,0,48,17,0,0,7,0,0,0,0,52
21040020,0,12,5,0,0,0,2,4,12,10,2,18,0,0,0,0,0,0,3,8,23,32,6,0,0,0,3,2,0,0,14
21130110,0,55.6,34.4,0,0,6.2,11.4,2,50,0,0,3.4,0,0,0,0,0,0,35.2,0,0,0,35.3,17.2,0,0,2,0,0,0,0
21010230,0,24,0,1,0,0,0,1,3,4,0,8,1,8,0,0,0,0,0,0,8,3,3,0,0,1,11,3,0,0,0
21110400,1.6,0.9,2.8,0,0,0,0.8,0,11.8,13.2,0,1.3,0,0,0,0,0,0,0,13.5,21.8,66.7,13.8,2.1,0,8.5,1.6,1.4,0,0,14.9
21140120,0,13,0,0,0,0,62,1,3,0,0,12,0,0,0,0,0,0,39,0,0,10,12,8,0,0,0,0,0,0,40
21060100,9,5,3,0,0,0,0,0,5,18,0,0,13,0,0,0,0,0,2,0,0,7,23,17,5,13,2,0,0,0,43
21025030,0,3.7,0.2,2.5,0,0,0,1,2.5,6.3,0,15.2,0,1.5,0,0,0,0,0,0,22.5,28.2,0,0.5,0.5,0,8.3,0,0,0,1.2
26205080,43.6,0,0,31.3,4.2,29.2,16.4,23,100.6,5.5,0,5,0,3,0.9,3.8,2,14.5,0,22.4,85.1,4.9,1.1,0,0,0,0,0,0,22.5,3.5
26210090,6,0,0,10,0,11,8,20,19,0,0,6,0,14,0,0,0,2,3,21.3,66.9,0,0.3,0,0,0,0,0,0,82.9,4.6
27010870,0,4.5,0,6.4,0,0,0,15,14,7.4,0,0,0,0,18.2,6.5,9.2,7,0,17,12.3,7.9,11.4,0,0,0,0,0,0,45.4,12
23085080,0,0,3,34.9,5,4.3,7,8.1,6,0,0,4.9,1.3,31.2,0,1.9,0,4.2,0,0,2.1,,0,0,0,0,4,0,0,4.2,23.5
27010820,63,0,0,67,92,0,58,62,63,18,0,0,0,0,0,0,0,0,14,0,0,0,29,22,0,36,0,0,0,0,0
27011120,8,1,0,5,3,7,10,5,78,1,0,0,1,2,7,12,0,24,0,10,14,16,7,0,0,0,0,0,0,7,4
26175030,6.8,5.1,0,4.9,14.7,0.3,6.8,20.8,30.5,0,,,,3.6,0.5,0,9.5,10,0.7,1.7,41.6,1.8,2.5,,,,,0,0,53.2,12.1
26170150,9,2,0,4,0,0,10,12,29,0,0,0,0,9,0,0,0,24,0,0,24,15,16,0,0,0,0,0,0,50,2
26220110,3,13,4,0,6,2,31,45,46,12,0,0,4,13,5,23,0,6,0,0,9,41,4,0,0,0,45,4,16,35,4
23080640,4,0,0,20,15,0,5,10,10,0,0,0,0,0,0,0,0,0,4,24,5,7,15,0,0,0,0,0,0,4,0
27010810,8,5,0,11,17,0,14,8,15,3,3,11,0,0,7,3,0,14,18,14,25,11,,,0,7,0,0,0,14,7
27015090,1.5,0,0,28.5,9.4,0,14,8.4,8,0,0,1.2,0,0,2.3,1.5,0,0,6.2,56.2,0,0,0.8,0,0,0,0.4,0,0,15,4.5
27020190,0,0,0,0,0,9,8,21,25,29,7,0,5,10,25,2,0,2,0,0,23,8,0,1,0,0,3,2,0,27,12
23085110,9,22.3,0,21.5,6,0,8,15.9,25.5,1,0,0,0,0.5,0.6,1.5,0,8.4,9,19,28,33.5,11,11,7.5,0,7,0,0,0.9,10.5
26240160,4,0,7,0,19,0,0,40,65,0,0,0,15,60,0,0,0,27,0,0,0,0,20,0,0,0,21,21,0,74,0
27011270,5.5,0.2,0,6.8,0.3,0,5.1,11,45,0,0,6.3,0,0,22,3.5,18.7,0.5,9.5,56.6,19.8,10,0.6,0,0,0,0,0,0,8.1,5.3
11075020,2,0,0,20,0,15,12,14.5,35,1,0,0,1,3.1,0,24,0,4.6,4,0,1,0,1.2,0,0,0,0,27,0,18.5,25
12015020,5.2,0,0,15,0.4,17,3.7,1.4,1.6,20,0.1,0,0,18,0,0,0,16,0,0,0,0.5,0.4,1.7,0,0,15,1.6,0,76,2.4
23080650,9,2,0,42,2,0,17,8,29,0,3,20,0,0,0,0,0,0,0,34,11,15,10,9,3,2,0,0,0,1,5
25020420,6,0,0,35,13,0,0,7,134,0,3,11,3,33,0,16,4,22,2,0,0,0,38,0,33,25,6,0,0,37,0
26160090,22,21,0,9,5,0,24,22,12,8,0,0,0,3,0,0,0,17,0,31,39,6.5,13,0,0,0,22,4,0,33,14
11010010,0,0.8,0,65.9,0,0,1.4,2.7,1.8,8.5,16.8,25.4,8.7,87.5,0,2.8,0.7,,38.5,12.5,8.4,35.2,26.8,24.9,18.5,1.5,46.8,6.8,15.3,1.6,1.8
26230010,1,0,0,0,0,0,0,13,28,0,0,0,0,5,0,0,0,2,0,4,16,0,12,0,0,0,0,0,0,17,2
26230240,0.3,0,0,8.6,0,2.2,15.3,26,10,6.2,0,0,0,0,4.7,4.3,15.3,5.2,4.3,56.2,26,23.5,1,0,0,0,10.6,0,0,31.4,23.4
27010830,3,0,0,23,0,0,0,31,22,20,0,3,0,0,6,0,0,7,0,13,6,16,0,0,0,10,5,0,0,30,7
23080740,17,0,0,10,7,0,25,9,12,3,9,16,0,0,2,3,0,0,0,5,4,1,3,18,0,15,11,0,0,5,22
23080760,0,0,0,6,0,0,16,24,5,2,0,,,22,0,5,0,47,0,4,15,6.6,19,4,6,0,5,0,0,8.6,28
26180180,14,15,0,6,2,3,25,29,20,2,0,0,0,0,0,4,0,4,0,12,13,7,10,3,22,3,0,0,0,28,5
26210080,7,10,0,6,11,0,0,42,17,0,0,0,0,48,0,0,0,65,0,0,23,12,0,,0,0,0,0,0,12,8
27010800,0,0,0,9,0,0,15,8,20,0,0,0,0,0,28,39,0,0,0,26,2,4,0,0,0,3,1,0,0,26,3
26195020,7.3,3.1,0,19.5,6.1,7,28.9,15,13.6,6.2,0,0,1.8,2,0,2.5,0,30.4,0.6,0,15.6,6.5,2.3,0,17.3,0,7,0,0,8,3.5
23085140,42,67,6,31,52,25,62,10,40,0,0,14,0,14,10,65,31,100,32,10,36,55,53,0,40,10,0,0,0,38,20
26230140,0,1.9,0,4,0,0,24.1,0,13.3,0,0,0,2.9,5.4,1.4,1.3,0,0.9,0,9.5,13.6,14,4.9,0,0,0,5.3,0,0,23.8,9
23085030,20.8,2.6,0,12.8,3.2,0,54.6,22.6,28.6,1,11.8,34.6,0,8.8,32.6,14.6,2.6,10.8,0,8.6,6.8,2,48.6,19.6,0,10,6.8,0,0,32.6,16.8
26180160,3,7,0,26,9.5,0,33,14,35,0,0,0,0,0,0,0,0,5,0,3,19,28.5,11.5,0,2,0,0,0,0,73,3
26230200,3.6,0,0,12.5,0,0,3.5,19.5,11,2.5,0,0.9,0,0,3.5,0,0,2,0,11,12.5,33,0,0,0,0,18.5,0,0,21,11.5
11110020,3.4,0,0,5.6,4.3,0,8.4,22.1,11.7,6.4,0,1.4,2.4,0,0,9.9,22.6,6.3,9.7,7.8,22.2,15.5,6.9,7.8,0,0,5.8,11.7,0,23.7,11.9
11110010,15,0,8,18,0,10,18,16,19,4,0,0,5,40,0,0,20,15,0,0,3,15,3,0,0,0,16,0,0,30,6
26220090,0,0,7,0,3,,6,22,30,0,0,0,0,0,0,0,0,14,,,22,18,2,0,0,0,2,0,0,17,3
26240170,0,0,10,0,14,0,0,16,15,0,0,0,23,40,0,0,0,16,0,14,0,5,47,0,16,0,20,24,0,38,0
26210140,0,0,0,33.3,5,0,0,6,0,0,0,4,0,0,0,0,0,8,0,11,9,13,7,0,0,0,5,0,0,10,0
27010900,0,0,0,1,9,0,32,12,0,49,0,0,0,0,21,0,0,50,0,0,0,0,0,27,0,0,8,0,0,25,13
26240100,7,0,20,0,19,0,0,25,58,0,0,0,22,87,1,0,0,12,0,0,0,0,28,0,1,0,28,1,0,40,0
26170190,8.3,17.2,0,17.3,28.4,0,18.5,36.2,25.2,0,0,0,0,35.3,0,1,16.3,39.7,0,1.3,33.3,26.4,0,0,1.3,0,9.5,0,0,21.5,9.6
25020530,0,0,0,0,1,0,0,0,149,0,0,2,24,84,0,0,0,0,0.3,1.6,0,0,51,0,21,12,0,5,0,49,14
26185020,27.3,12.5,20,23.8,11.5,0,9,14,7.6,0,0,6,0,0,0,0,0,21.3,0,9,15.2,4.4,13.5,34.3,29.5,29.5,1,0,0,16.3,4.5
27020210,0,0,0,7,0,24,15,0,16,38,0,25,0,0,0,9,0,0,0,0,0,11,0,4,0,0,9,0,0,33,7
26175040,7.2,23.5,0,5,25.5,1,4,16.2,33.5,0,0,0,0,8,0,0,29.8,4,8.7,1.7,67.6,1.4,0,0,0,0,1.5,0,0,43.8,3.5
26160080,0,6,0,2,47,0,7,16,9,0,0,0,0,2,0,0,0,27,0,6,28,4,0,0,0,0,0,0,0,28,0
12010120,20.5,0,0,0,,48.7,0.5,0,0,3.5,0,0,,3.6,0,0,0,,,10.1,0,0,1,11.8,0,0,45.6,0,6,54,
27020220,4.1,0,0,0,4.8,38.9,12.8,18.9,7.5,36.5,0,7.1,0,0,0,0,0,9.8,4.1,27.1,16.2,6.1,0,0,0,0,23.1,0,0,32.5,27.2
26230110,17,0,0,5,0,3,13,39,6,20,0,0,0,0,2,0,0,2,0,12,,5,0,0,0,0,3,0,0,20,7
26180220,17.1,10.6,0,6.4,21.1,3.1,3.9,31.9,17.6,0,0,0,0,9.1,0,0,0,2.6,1.3,2.3,17.5,2.2,0.4,0,1.2,0,1.8,0,0,26.2,6.1
26190090,8,4,0,8,14.1,0,3,35,12,0,0,0,0,5,13,0,10,87,8,3,5,34,0,8,3,0,4,0,0,7,12
26240150,4,0,4,0,6,0,8,5,10,8,5,7,10,5,0,4,0,3,0,0,6,2,5,0,0,0,4,3,0,6,4
26250030,0,0,36,0,0,0,12,12,65,0,0,0,0,24,0,0,0,18,0,4,0,18,59,0,28,0,6,38,0,48,0
27015260,11.2,4.5,0,8.8,9,3.2,14.3,,76.3,2.5,,0,0.3,0.3,0.2,9.1,7.2,12.6,2.8,9.7,9.2,19.2,3.8,1.6,0,0,12.8,0,0,64.1,5.2
27040040,38,0,6,14,0,0,0,0,26,0,0,49,8,14,0,0,0,5,0,0,0,35,7,0,21,0,41,7,0,0,0
12020010,0,0,13,7,0,0,0,0,17,4,0,0,0,0,0,0,0,14,0,0,0,0,2,0,0,6,0,0,15,55,
25021480,55,0,27,16,0,0,0,9,37,0,65,37,25,60,0,0,0,20,0,0,0,0,69,0,5,0,80,5,0,0,0
26200130,16.1,3,0,7.2,0,0,5.6,2.4,19.6,10.1,0,0,,0,0,0,0,15.4,0,0,12.5,9.6,0,0,0,0,0,0,0,8.9,6.5
23080390,5,2,0,6,3,0,35,12,25,5,7,12,0,6,0,12,6,23,0,3,1,1,5,12,9,4,1.5,8,0,7.5,17
35180030,0,0,67,0,0,8,1,12,23,0,0,2,0,0,0,0,0,0,11,0,0,0,0,0,1,19,36,2,6,0,0
35095110,0,12,0,14,0,0.5,27,0,30,0,0,0,0,0,0,0,0,0,0,0,0,19,0,0,3,39,0,30,0,0,0
35025110,0.6,2.1,0.6,37.5,0.2,1.2,53.2,3.6,37.3,3,0,6.7,0,0.4,0.4,0,1.1,47.2,1.5,56.7,20.8,33.7,0,0,6.5,8.5,0.1,0,17,0,0
31015010,57,0,0,4,0,0,,,,5,32,0,3,0,12,0,0,0,13,0,0,0,2,55,,,12,0,28,0,0
35010010,0,0,0,0,0,0,45,0,28,8,1,0,0,0,11,1,1,0,0,0,1,0,0,0,12,15,0,1,0,0,0
35030380,0,0,4.4,0,53.5,55.4,48,13,20.5,2.6,0,25.2,4.1,1.6,1,0,0,16.5,72.5,30.5,17,34.5,29.5,0.3,7.1,33,6,0,92,0,1
35010020,0,0,1,0,20,0,8.8,1,10,3,1,10,43,1,0,4,0,16,6,50,11,29,15,0,1,22,14,1,35,0,0
32155010,0,1,0,7,5,12,1,10,0,0,10,0,21,1,8,0,0,1,1,,0,0,0,0,7,0,2,1,34,0,0
35100020,0,2.1,2,0.6,0,0,26.4,0,41,0,0,0.8,0,0,0,0,0,0,0,0,0,14.6,0,0,2.5,35.1,9.5,0,1.8,0,0
35030090,6,60,64,0,0,40,0,0,62,7,0,35,0,25,7,10,0,16,79,67,58,20,20,3,0,100,52,0,67,0,1
35010090,0,0,8,10,0,26,30,4,0,0,0,2,0,4,0,0,0,0,0,2,0,20,6,0,0,26,4,10,38,4,0
35010070,0,2,0,23,0,24,63,3,0,3,0,10,12,3,0,0,0,0,35,4,2,12,41,0,2,20,16,31,22,3,0
32035010,0,0,8,0,0,0,27,3,0,0,8,46,0,3,0,0,0,6,0,0,0,0,33,33,3,0,4,13,0,0,0
32060030,4,0,1,10,10,0,0,0,0,0,0,0,14,0,0,11,0,27,0,0,0,2,0,0,0,20,80,42,0,0,0
35045020,9.5,12,0,0,0.5,3,12,2.5,38,2,0,11,0,0,33,0,0,13,22,21,8,4,0,0,8,10,9,1,0,0,0
35020010,0,0,0,0,3,0,5,0,21,0,0,38,0,15,0,0,0,5,0,0,0,4,0,0,13,48,10,0,4,0,0
35090110,0,6,0,18,3,33,40,5,27,0,0,10,0,0,0,2,0,0,2,4,0,4,0,0,9,47,21,0,13,0,0
31095030,0,0,0,0,8,7,0,0,0,0,0,0,9,4,0,0,0,0,,0,14,25,0,0,0,14,0,14,0,0,0
32070060,0,65,0,0,0,0,5,9,37,0,0,27,0,5,0,0,0,7,0,0,0,22,0,0,0,33,18,30,45,0,0
35020060,0,0,0,7,0,0,52,4,21,4,0,2,0,1,0,0,0,0,0,14,1,42,0,0,0,15,5,0,0,0,0
32070120,0,32,28,0,0,0,52,4,3,0,0,11,0,0,0,0,0,2,2,6,1,3,0,0,0,11,23,5,22,0,1
32070100,0,46,2,18,0,0,52,2,15,0,2,4,0,0,5,0,0,0,0,0,0,1,0,0,0,14,32,8,45,0,0
35050010,0,5,0,0,10,5,32,12,37,0,0,0,0,64,18,11,0,0,12,18,20,7,0,0,25,35,0,14,0,0,0
3502500006,0,2,15,15,0,0,25,5,18,1,0,1,0,4,0,43,0,0,0,13,0,22,0,0,0,8,3,0,0,0,0
32080010,0,,0,0,0,0,0,4,7,0,0,15,0,0,0,0,0,30,0,0,0,4,0,42,9,10,16,0,24,0,0
35030010,0,5,0,1,5,0,2,11,18,3,0,44,0,8,0,0,0,0,0,0,0,1,5,0,11,28,5,4,12,0,0
32060100,0,25,41,0,3,15,2,3,2,0,0,0,0,6,11,13,10,41,10,6,41,81,3,,,,16,21,40,16,3
35030290,18,24,0,0,31,3,20,0,28,10,8,35,0,13,0,0,0,55,29,10,18,10,0,0,45,58,20,0,84,0,11
42070030,0,38,0,0,0,0,0,0,0,0,0,9,27,0,25,0,0,11,0,0,0,44,5,3,0,,0,3,18,0,0
35020020,1,4,0,1,7,0,10,3,30,4,0,60,0,29,4,7,0,15,0,0,6,0,0,3,28,60,28,0,14,0,1
35030370,0,0,0,0,0,49,20,10.5,25,2,0,24.5,0,5,0.5,0,0,38,48,34,12,22.2,38,0,22,18,0.7,0,62,0,0
33055010,0,0,20,0,0,2,0,6,17,0,3,0,8,0,0,0,0,0,11,0,53,0,0,0,44,2,0,0,43,0,0
32070040,0,6,0,0,0,0,0,16,26,0,0,20,10,0,0,0,0,6,0,0,0,8,0,0,12,8,32,10,16,0,0
35225030,0,0,0,3,0,7,12,0,7,0,3,19,12,,35,0,0,2,,0,0,0,0,0,51,14,0,0,0,0,0
35105050,0,3,0,1,1,0,14,1,63,1,0,,,1,,,,,,,0,1,0,0,1,,23,0,0,0,0
32075050,0,64,4,0,,0,39,1,16,0,0,3,0,0,7,1,0,1,0,1,0,4,0,0,0,7,11,28,15,0,
32060060,0,0,5,2,0,13,30,8,12,0,0,0,0,5,0,0,0,0,0,5,0,37,17,0,3,15,27,33,60,0,0
21250450,0,0,3,22,33,0,0,0,14,4,0,0,0,0,0,0,0,0,12,3,0,0,5,0,0,45,0,0,0,0,0
21250070,0,1,0,24,17,,,1,19,0,0,0,0,0,0,0,0,13,0,40,0,0,5,9,0,26,0,0,0,,2
21160030,0,39,0,8,10,6,50,3,0,1,0,0,0,0,0,0,0,0,5,0,6,40,0,0,0,0,4,0,0,0,0
21235010,0,0.2,0,1.2,3.2,0,0,0,3.5,0.2,0,0,0,0,0,0,0,1.2,0,0,0,0,0,0,0,1.6,0,0,0,0,0
21165010,11,3,1.7,0,11.5,34.5,60.4,3.4,0,7,0,0,0,0,0,0,0,0,0,0,0,7.5,0,0,0,0,8,4,0,0,0
22060070,0,0,6,0,11.5,11.4,0,0,25.4,2.9,0,0,0,0,0,0,0,5.4,2.9,1.4,0,0,0,9.7,0,0,2,0,0,0,1
21245010,0,5,1,20.3,10,27,10,0,0,8,0,0,0,0,0,0,0,0,0,0,0,0,7.2,10,0,26.2,0,0,0,0,4
21250500,0,7,0,49,51,0,0,32,13,0,8,25,0,0,0,0,0,61,0,11,39,0,11,0,0,29,0,0,0,26,3
21245140,0,1.3,0,1.6,5,0,0,24.5,28.1,7.5,0,35.3,0,0,0,0,0,0.2,3.6,0,8,0.1,16,5.6,0,35,1.6,0,0,0.1,17.3
23025040,12,0,0,83,135,9.7,0,3.2,38.3,3.2,0,4.5,0,0,0,0,0,0,56.5,21,30,6.6,0,0,0,19.5,0,0,0,3.2,1
21210240,0,2,0,39,7,0,2,2,0,42,0,0,0,0,0,0,0,0,17,0,5,27,13,11,0,23,0,0,0,0,5
21255090,0,0,1.2,63.9,79.4,1.6,0,1.2,12.5,0.8,0,0,0,0,0,0,0,8.7,8.5,17.2,0,1.8,1.1,0,0.5,42.8,0.5,0,0,0.5,0.9
22050060,0,2,1,2,3,2,3,2,6,1,0,100.1,1,1,0,0,0,0,0,1,2,6,2,0,2,1,3,6,0,0,3
21210020,0,7,,10,13,2,0,10,3,2,0,12,0,0,0,0,0,5,,5,5,1,3,0,0,6,5,9,0,0,1.4
23050080,0,0,0,45.2,16.9,25,27,8.7,4.2,7.5,0,0,0,0,0,0,2.8,59.4,5.5,13.4,84.1,0,0,0,3.5,0,11.8,0,0,2.4,2.3
23020100,32.8,0,0,98.5,135.6,2.2,0,0,44.3,0,0,0,0,0,0,0,0,0,131.5,22.7,38.5,3.9,0,0,0,0,25.1,0,0,2.5,7.8
21255170,0,5,0,0,13,3,12,14,13,0,0,23,0,0,0,0,0,0,0,0,12,0,0,0,5,13,0,6,0,1,9
21215080,,,,,,,,,1.5,5.8,0,0,0,0,0,0,0,0,0,0,0,0,0,0,0,4.2,0,0,0,0,0.3
21185080,0,0,0,0,22,0,0,2,0,5,0,0,0,0,0,0,0,0,0,0,2,0,0,0,0,71,2,0,0,0,2
21210230,0,0,0,6.6,5,0,0.5,1.1,0,15.7,0,0,0,0,0,0,0,0,13.9,0,6.9,41,1.1,2.1,0,22.3,0,0,0,0,4.3
22050040,0,26.4,0,0,4.5,0,40.9,11.8,29.4,4.8,0,0,0,0,0,0,0,0,70.8,4.8,0,1.8,4,1.7,0,0.5,0,0,0,0,0
21130010,2,0,9,0,15,16,21,2,23,30,0,0,1,0,0,0,0,0,0,0,0,1,0,0.3,0,1,3,0,0,0,0
22045010,0,6.5,2.6,2.8,7.5,0.8,9.1,7.3,42.5,11.5,0,0,0,0,0,0,0,0,15.2,0,0,0,8.6,5.4,0,0,0,0,0,0,
22065040,8.2,31.5,4.7,2,4.2,0,0,12.5,28.8,0,1.2,1.4,0,0,0,0,0,3,,0,4.2,2.2,14.2,17.4,0,15.4,0,1,0,0,3.5
22050030,0,0,0,0,18.6,15.2,1,0,30.4,11.7,0,0,0,0,0,0,0,0,1.3,7.9,0,0,10.3,17.8,0,0,0,0,0,0,0
22020030,1,35,1.1,6.5,0.2,26.4,32.4,2.7,45.2,4.3,6,2.5,0,0,0,0,0,0,7.5,1,39.5,22,6.5,2.5,1.1,0,3.7,0,0,0,13
22070010,2.8,5.1,0.6,0,8.5,4.7,0.8,14.7,7.2,5.3,0,14,1.5,0,0,0,0,1.6,8.5,0,1.7,13,1,9.5,0.3,3.2,1.1,0,0,1.1,16.7
23055040,28,0.5,11,130.4,16,8.5,57,9.5,22.2,0,,,,17,0,103.8,104.6,60.5,13.4,31.5,72,11.6,3.5,0,0,2.6,0.5,0,0,3.2,19.4
21135020,0.5,0,0,0,13.3,11,0,0,32,0,0,0,0,0,0,0,1.2,0,0,0,0,0,0,0,0,6.4,0,0,0,0,0
21190290,0,8,0,0,12,0,2,1,0,28,0,0,0,0,0,0,0,0,13,0,0,18,0,0,0,0,1,0,0,0,0
21230090,0,0,19.7,40,51.7,0,0,9.1,7,18.3,0,0,0,0,0,0,0,0,0,3.2,0,19,0,0,0,3.4,0,0,0,1.1,1.5
21255120,0,0,0,6.3,9,0,22,7,26.6,3,0,18,0,0,0,0,0,29.5,0,27.3,21,3.3,17.4,0,17.2,16,0,0,0,3.8,0
22020050,4,48,5,0,3,0,18,10,30,16,0,3,0,0,0,0,0,0,18,0,0,10,30,9,0,0,0,0,0,0,0
22050090,0,0,25,0,29,11,1,0,26,7,0,0,0,0,0,0,8,0,0,0,0,0,0,0,0,0,0,0,0,0,0
22055020,26.3,50.2,4.3,0,2,0,33.2,7.9,44.7,8.6,0,1.9,0,0,0,0,0,0,,3.8,0.5,1.4,27.3,6.5,2,0,0,0,0,0,1.4
23050230,3,4,0,27,4,1,13,6,27,3,0,0,0,0,0,13,1,36,2,17,31,0,15,0,7,51,2,0,0,12,12
23050100,2.2,21.4,0,38.2,3.5,0,3.3,1.8,25.2,0,0,3.5,0,0,0,0.8,0,1,3.1,25.2,34.4,0,6,1.5,1.2,4,31.9,0,0,5.9,4.7
21185030,0,0,3.6,1.6,34.4,18.4,0.4,0,4.4,5,0,0,0,0,0,0,0,0,0,0,0,0,0,4,0,35.8,0,6.6,0,0,0
23060150,0,0,0,19,22.2,0,4.7,3.5,25.6,0,0,25.7,0,0,0,0,0,7.2,5.9,93.7,2.7,0,2.5,0,0,0,31.1,0,0,19.6,4.5
21160040,0,0,20,0,0,6,58,4,27,7,0,0,0,0,0,0,0,0,12,0,0,33,0,0,0,0,0,5,0,0,0
2125500032,5.2,0,0,15,80.2,4.4,0,4.6,47,4.5,0,0,0,0,0,0,0,8.2,5.8,15.2,1.4,15.2,0,0,0,38.8,0,0,0,1.4,3.8
26075080,11.6,0,0,2.2,10.8,10.8,0,8.2,3.2,0,0,0,0,0,0,0,0,,,0,0.3,27,27,0,,,0,0,0,,1
26080310,1,15.5,0,4.5,1.4,8.2,1.7,1.6,3.5,3,0,0,0,0,0,0,0,0,33,2,11,0.5,10.2,0,0,0,0,1,1.6,0.2,1
26145020,0,8.2,0,2,2.5,1,1,20.6,2,5.6,0,0,0,1,0,3.7,0,24,0,1,7,14,14.5,14,0,,0,33.5,0,3.7,4.5
26080280,0,7,0,14,2,2,0,20,5,24,0,0,0,0,0,0,5,0,,0,0,0,0,0,0,,0,0,2,3,4
26090630,0,2,0,22,9,29,5,12,0,0,0,34,0,0,0,0,0,0,62,0,0,0,10,0,0,0,0,0,0,0,0
26095320,0,15.5,0,4.8,2.5,22.5,0,6.9,0.6,4.8,0,0,0,0,0,0,0,0,31,1.4,0,3,15.5,1.2,0,0,1.7,0.5,23,0,0
26020250,0,64,0,74,0,10,0,58,0,27,0,0,0,0,0,0,0,0,56,0,0,0,0,0,0,0,0,0,10,0,34
26010020,5.1,16.8,0,0,0,7.4,24.5,0,6.7,13.2,0,0,0,0,0,0,0,0,6.1,17.5,6.7,0,5.2,0,0,0,0,0,0,0,4.8
54025010,6.2,53,1.5,1.5,3,3,0,18.2,2,21.4,0,18.2,10,4.2,23.4,15,4.8,18.4,18.2,10,14.6,11.4,14,1.4,4.2,,48.4,12,13.2,0,32
26120160,15,5,0,10,0,0,45,90,15,10,0,0,0,0,0,0,0,40,0,0,15,5,10,0,0,0,10,0,0,45,40
26020470,20,24,0,12,0,16,0,10,0,0,0,0,0,0,0,0,0,5,74,0,0,16,4,0,6,,0,0,0,0,3
26105140,0.2,8.2,0,0.7,4,26,1.7,18.8,4.2,0.2,0,3,0,0,0,0,0,8.8,0.4,3.2,8.5,12.6,5.2,0,0,0.4,0.8,1,0,0.9,28
26110300,0,38,0,5,0,0,0,2,0,25,0,0,17,0,0,2,0,0,0,0,3,0,1,2,0,0,21,0,0,0,0
26055120,2.9,12.2,0,8,4.9,7.5,0.7,3.8,20.4,6,0,0,0,0.2,0,0,1,0,16.6,1.4,1.7,0.3,1.2,0,0,0.6,0,0,2,2.2,2.3
26140180,0,,0,71,0,0,0,6,0,2,0,0,0,0,0,0,0,4,0,0,19,2,0,0,0,18,20,0,0,15,3
26140090,2,34,0,3,7,0,1,5,10,19,0,0,0,0,0,0,0,6,0,3,36,4,2,27,1,9,0,0,0,47,6
26155170,0.4,,0,8.3,6,1.7,0.4,37.7,8.2,6.3,0,,0,0,10.5,0,0,0,1,19.5,12.2,17,1.9,0,1,0,1.5,0.3,0,29.5,7.2
26070760,0,35,0,6,100,15,0,16,2,1,0,0,0,0,0,0,0,0,53,0,10,54,9,0,0,0,0,0,0,1,29
26025070,1.8,4,2.5,3.4,13.8,9.6,1.3,5.8,5,0.3,0,1.8,0,0,0,2.6,0,0,1.4,0,0,5.4,2.1,1.3,0,9.5,0,0,0,0,9.2
26130560,4,2.1,0,13.5,1.3,1.3,40,42.4,2.2,31.2,3.8,0,1.1,0,3,0,8.5,0,5.2,28.5,7,18.5,18.2,13.2,0,0,0,8.5,0,67.8,11
26050060,0,30,0,7,11,12,2,,6,,0,0,0,0,0,0,0,0,,0,0,,,0,0,0,3,0,,0,18
26145030,0,48,0,0,0,0,0,0,5,10,0,0,0,0,0,0,0,15,0,39,10,0,22,0,0.2,0,0,0,0,32,10
26030050,0.5,,0,0,0,55,35.2,0,25.2,0.5,0,0,0,,0,0,0,0,29.2,7.2,0,0,2,12.1,0,0,0,0,0,0.4,35
26010030,22,12,,0,39,15,29,5,20,5,0,0,0,0,0,0,0,0,28,24,9,5,0,0,0,0,1,0,0,0,7
26025100,9.3,66.5,0.1,7.1,0,66.8,3.5,11.2,0.8,9.3,0,0,0,0,0,0,0,0,45.4,4.5,0,7.8,1.8,0,0,0,1.5,0,0,0.5,24.1
53100040,0,2,0,12,0,2,1,14,0,1,0,0,0,1,1,0,3,1,9,0,0,1,43,0,0,0,1,3,6,10,9
26150060,0,0,0,2.2,5.4,0,35.1,4.6,14.7,0,0,0,0,0,0,12.2,0,86.8,0,0,8.6,6.9,22.4,,0,0,7.5,0,0,47.1,1.3
26080070,0,2,0,5,2,18,7,25,0,0,0,2,0,1,0,0,0,0,21,2,0,0,7,0,0,0,1,0,0,0,0
26100830,,20,0,15,0,0,0,2,0,2,0,0,25,0,0,0,0,0,0,10,4,2,0,0,0,0,0,0,0,0,0
26135100,0,25,0,55,0,0,0,5,0,2,0,0,0,,0,,0,0,7,0,18,4,1,,,33,15,0,0,,
26075010,11.5,6.4,0,26.1,9.8,64.4,23,20,9.3,2.7,0,0,0,0,0,0,0,29,17.2,0.5,0.3,8.6,8.7,0,0,0,5.7,0,5.4,0,0
54020060,6,5,0,25,0,0,0,10,12,41,8,0,0,42,13,0,15,21,11,12,0,68,17,9,7,0,132,0,95,11,60
26025090,18.3,12.6,0,0,0,16.2,0,26.6,0.6,8.4,0,0,0,,,,,,35,6,8.5,11,1,19.2,0,0,0,0,0,19.3,17
26025110,0,82.6,0,16.8,11.9,4.3,3.9,39.4,24,0.7,0,0,0,0,0,0,0,0,33.6,0,0,1.7,0,0,0,0,5.7,0,0,3,9.7
26060020,15,34,0,4,5,37,2,20,6,4,0,0,0,0,0,0,0,0,63,,0,4,13,0,0,0,0,0,0,0,0
53110130,0,0,0,6.2,0,14.6,0,0,0,0,0,0,0,0,0,0,0,0,2.5,0,0,0,0,0,0,0,0,,0,2.4,0
26090060,2,5,0,8,3,18,1,18,3,,0,0,,,0,0,0,0,18,0,7,1,6,0,0,,1,,,9,0
26100770,0,7,0,9,0,7,2,4,0,18,0,0,0,0,0,0,0,10,8,0,6,5,2,0,0,0,0,0,0,5,6
26100780,0,7,0,0,5,0,0,6,7,57,0,0,0,0,0,0,0,2,29,0,4,32,13,0,0,0,3,0,0,0,0
26105110,,21,0,0,5,0,0,7,8,32,0,0,0,0,0,0,0,,,0,0,12,21,0,,,0,0,,3,0
26110040,0,3,0,0,7,0,6,0,5,11,0,0,0,0,0,0,0,0,20,0,0,9,5,0,0,0,0,0,0,0,0
26110150,0,13.5,0,15.9,0,0,0,0,0,3.5,0,0,0,0,0,0,0,0,8,0,13.6,0,0,0,,21.3,4.5,0,0,0,0
26110230,0,21,0,2,0.5,0,0,0,0.5,59,0,0,0,0,0,0,0,0,26,0,0,16,2.5,0,0,0,1,0,0,1,0
26020130,10,17,0,2,12,7,0,20,16,1,0,0,0,0,0,0,0,0,10,4,3,1,10,0,0,0,0,0,0,0,20
26120150,0,0,0,21,0,27,11,10,0,12,0,0,0,0,0,0,0,0,0,38,15,12,19,0,0,20,28,0,0,51,24
26120170,11,20,0,102,1,3,5,59,2,11,0,0,0,0,0,0,0,2,7,4,9,3,12,7,0,0,9,0,0,49,3
26130020,1.3,6.9,0,11.1,7.6,,2.6,38.4,14.4,5.2,0,0,1.8,1.1,22.8,29.1,0.1,0.1,7.5,0,11.7,7,9.4,1.1,0,0,1.7,7.3,12.4,42.8,66.3
26130170,0,16.4,0,12.7,3.7,40.2,3.1,50.2,2.1,4.7,0,0,0,5.7,20.3,8.2,0,3.1,3.1,0,9.5,3.2,20.6,3.7,0,0,0,15,5.1,23.4,23.2
26135160,1.6,4.5,0,17.8,15,3.1,13.2,23.5,6.6,6.7,0,0,5.4,0,25.5,6.1,0,2.3,3.1,0,17.6,0,7.5,5.5,0,0,4.4,20,6.2,42.8,66.6
26150160,0,5,0,10,5,4,9,26,7,1,,0,0,0,0,11,1,0,0,2,23,10,2,0,14,1,6,1,0,21,10
26160100,0,22,0,3,37,0,0,21,8,4,0,0,0,26,0,8,0,17,0,17,29,12,2,0,,0,4,0,0,45,0
26170290,0,32,0,2,1,0,2,25,2,1,0,0,0,1,0,10,28,30,0,35,15,4,0,0,0,0,53,0,0,17,11
54010010,10,3,220,15,3,0,0,20,4,47,0,0,3,120,25,0,80,273,63,45,0,55,195,60,10,0,78,7,47,12,94
54020010,11,1,6,32,0,0,0,17,1,54,4,4,0,170,18,0,2,91,16,0,0,43,78,28,6,1,180,1,146,15,65
26120120,5.8,2.7,0,19,0.2,6.9,0.2,23.4,0,5,0,0,0,0,0,0,0,15,40.5,2.8,15.5,1,4,0,0.6,0,0.3,0,0.8,16.2,7.1
54030020,0,0,0,3,0,0,0,1,0,6,0,0,0,1,0,0,0,0,11,0,0,0,0,0,0,0,0,0,1,0,2
51025090,35.5,40,3,1,0.9,3.6,0,0.6,16,0.6,15,1.8,0.5,6,0,1.2,0.6,0.8,0.4,0,0,0,0.5,0.9,2.1,0,0,19.4,7.5,8.6,1.1
51020040,,7,3,0,0,0,0,0,10,0,16,12,0,0,0,0,0,4,0,0,0,0,1,10,5,1,0,1,0,3,0
52045010,0,3.6,0,1.4,2.8,0.5,1.9,0.5,3.1,0.6,0,7.1,0,0,0,0,0,0,3.8,2.8,0,0,3.5,0,0,0.5,5.7,2.6,0,0,13.6
44015060,0,8.5,1.3,1,1,6.1,12.3,1.5,0,0.6,7,7.2,,1.5,0,0,0,0,0,0,0,40.3,5.8,10,0,1,41.5,40.6,0,1.2,0
52055220,0.9,10,0.1,0,21.1,1.8,7.4,1.4,21.2,2.1,0,8,0,0,0,0,0,2,6.2,0.2,0,0,0,0,0,0,3.5,2.2,0,0,7.4
52020020,7.6,26.3,1.6,0,0,7.6,11.6,6.7,7.4,9.7,0,0,0,0,0,0,0,0,14.8,7.9,2.5,12.7,0,0,0,0,1.7,0,0,0,24.1
44010110,0,13.9,20.4,4.2,0,19,22.4,0.7,0,0,0,53.2,0,3.8,0,0,0,0,0,0,3.1,82.9,0,8.6,3.5,2.6,47.4,8.9,0,0,0
52050120,3.7,6.4,0,0,0,0,4.3,0.3,8.5,2.7,0,6.7,0,0,0,0,0,0,0,0,0,0,1.1,0,0,3.2,9.7,4.1,0,0,68.6
52030090,,,,,,,,,17.5,4,0,0.7,0,0,0,0,0,0,7.6,1,0,1.2,3.3,0,0,0,6.3,0.4,0,0,13
52040060,26.1,8.3,0,0,0,0,5.7,6.1,8.6,0,0,2.1,0,0,0,0,0,0,2.5,0,0,0,20,0,0,0,5.7,0,0,0,19.1
52050110,0,4.5,0.8,0.5,3,0,1,0.7,2.5,3.2,0,5.2,0,0,0,9,0,0,3.5,1.5,0,0,0.6,0,0,6.2,3.2,1.5,0,0,6
47015040,0,17.3,0,3,0.3,,,0,0,4.5,0,0,0,0,0,0,0,0,0,17.4,0,3.2,0.4,3.4,0,0,17.9,8.3,0,0,0
52065020,12,15,13,24,96,2,32,5,10,70,47,4,5,0,35,1,14,34,149,0,0,2,15,2,5,0,0,6,10,7,5
52055030,1.5,12.2,0,0.7,2,5.2,5.7,0,2,17,0,3,0,0,0,0,0,0,2.4,1.8,0,0,0,0,0,3.3,0,2.6,0,0,5
53020010,3,26,7,30,0,7,0,0,45,19,4,3,0,0,0,0,1,0,41,9,0,0,4,28,4,0,17,60,1,0,0
44015030,9,15.2,2.3,0,0,0,1.3,2.5,1.6,0,0.6,1,0,0,0,0,0,0,0.3,1.3,0,0,3.2,0.7,0,0,1,0,0,0,17.2
52055210,0,10.7,0,2.5,2.4,0.6,11.3,0,0.9,0.1,0,7.7,0,0,0,0,0,0,1.3,1.6,0,0,0,0,0,0,7.4,0,0,0,16.5
47045010,0,0,0,20,0,0,5,0,0,0,0,10,0,0,0,0,0,0,0,0,0,1.2,17.5,10,1.2,0,60,,0,0,0
53045040,,,0.2,77.6,1.4,5.4,20.3,0,26.3,10.6,3.3,0,21.1,4.3,0,0,0,0.6,25.4,0.6,0.1,0.2,2.3,3.4,9.5,0,6.2,5.4,15,11.1,11.6
52045030,24.3,33.8,0,0,0,2.1,60.7,15,7.7,32.9,0,1.2,0,0,0,0,0,0,34.8,3.6,0,16.3,1.7,3.4,0,1.2,4.6,2.9,0,0.4,28.7
52025090,5.5,6.5,,,,,,,,8.6,0,0,0,0,0,0,0,0,20.5,13.2,0,18.7,9.5,1.2,0,0,1,0.8,0,0,27
52025020,9.1,13.7,2,2,15.7,9.8,25.2,9.8,3.8,3.6,0,0,0,0,0,0,0,0,9.2,0.5,0,3.1,2.1,0,0,0.6,7.6,0,0,0,14.2
52040160,0.3,47.5,0.8,0,0,5.5,24.6,2.2,21.1,18.5,0,0,0,0,0,0,0,0,25.7,0.4,0,1.2,12.2,0,0,7.8,5.5,0.4,0,0,28.5
52045040,1.3,10.3,0.4,0,3.7,1.5,18.6,2.9,14.5,14.7,0.9,0.4,0,0,0,0,0,0,6.2,0.6,0,0.6,15.4,0,0,2.2,4.3,0,0,1.3,30.4
52040040,10.2,6,0,0,1.6,0,10,20.2,25.6,0,0,7.4,0,0,0,0,0,0,1.8,0,0,9,1.4,0,0,0,12.9,0,0,0,37.3
47010150,0,20,1,0,9,1,0,1,0,0,5,13,1,2,0,0,0,0,0,1,0,5,3,5,0,4,40,18,1,0,1
44010090,0,7,0,3,8,1,27,0,2,0,29,7,0,1,0,0,7,1,0,0,0,18,7,6,0,1,20,11,1,0,0
47010050,0.5,16.5,7.8,0.6,0.6,1.3,0,0.4,1.4,2.9,1.7,16.8,0,11.8,0,0,0.2,0.1,1.5,0,0,0.4,1.3,2.1,0,2.4,19.8,23.2,0.6,0.2,0.8
52025080,0,10.4,2.2,8.4,28.2,9.3,40.2,,10.4,3.2,1.5,0,0,0,0,0,0,0,10.5,0.2,1,18.2,2,0.1,0,0,38.3,0.1,0.2,10.3,8.3
44010030,0,12.7,1.3,9.2,11.2,89.5,4.2,1.7,0,0,19.7,4.9,0,0.9,0,0,0,0,0,0,0,79.2,2.6,2.3,0,0,34.3,24.2,0,0,0
47010220,0,25,2,10,0,21,2,2,16,0,0,35,0,16,0,0,0,0,3,0,18,62,21,0,18,2,42,14,0,0,0
52030060,0,12.1,0.5,0,6.2,0.1,10.4,14.5,15.6,0.5,0,0,0,0,0,0,0,0,34.7,1.4,0,0.7,17.5,0.5,0,0,6.3,0.6,0,6.3,56.8
52030030,0.5,17.2,0,0,2.9,1.1,8.7,7.8,3.7,21.2,0,0,0,0,0,0,0,0,17.3,1.6,0,0,11.1,2.3,0,0,3.3,0,0,23.6,45.3
52010180,0,6,0,25,13,4,60,0,5,0,8,0,0,0,0,0,0,0,47,0,2,20,2,0,0,0,4,0,0,5,44
47020020,13,0,3,0,0,34,10,0,24,18,0,0,0,15,0,0,0,0,0,0,46,87,0,0,0,0,127,13,0,0,0
52050060,0,26,0,4,0,2,0,0,0,0,0,9,0,0,0,0,0,0,2,1,0,0,4,0,0,1,12,2,0,0,8
52010040,5.4,5.9,0,1.3,26.2,53.3,37.7,1.4,13.3,11,0.2,0,0,0,0,0,0,0,49.5,34.6,0,3.4,7.7,30.5,0,0,0,0.8,0,0,36.7
47010030,0,47,2,0,0,0,27,0,0,0,0,13,0,0,0,0,0,0,0,2,29,35,17,0,0,24,11,45,10,0,0
47010230,6.3,24.8,3,9.2,1.5,0,1.6,0,2.6,4.7,1.2,14.5,0.9,2.5,0.6,0,0.5,0,0,6.8,0,0.7,1.5,2.2,0,1.5,20,31.5,0,0,11.5
47010090,0,25,0,6,2,3,0,5,0,6,9,5,0,6,0,0,0,0,0,0,0,1,3,6,0,0,25,6,3,0,2
47020010,0,2,0,5,0,0,1,0,5,4,0,5,14,1,0,0,0,0,3,0,12,9,11,0,1,0,85,13,0,0,0
52010160,0.5,42.3,0.7,25.5,15.4,28.1,11.9,0.5,9.1,16.1,32.2,0.6,0,0.2,0,0,0,0,31.5,6.8,6.3,3.1,0.6,31.5,0.3,0.1,5.9,0,0,3.4,22.1
47010180,1.2,23.5,2.3,6.9,0,5.9,0,0,4.3,5.3,6.3,14.8,0,16.4,0,0,0,0,0,2.8,0,2.1,10.1,6.3,0,1.1,35,25.1,0,3.6,0
47010110,0,101,57,0,0,0,21,1,38,0,0,25,0,11,0,0,0,0,0,0,22,110,30,0,5,8,7,32,0,0,0
52010050,1.6,54.1,0,0.4,13.9,11.8,34.1,0,27.6,4.3,0,0,0,0,0,0,0,0,26.3,20.8,0,27.4,6.5,5.6,0,0.3,0,0.8,0,0,62.8
52040050,10.2,18.3,0,0,0,0,15.3,0.4,1.7,9.7,0,1.9,0,0,0,0,0,0,3.5,0.5,0,2.1,16.4,0,0,0.5,5.3,0,0,0,37.7
47015100,0,3,3,2.7,0,0,1.6,0,1.5,2.4,0,8.5,0,3,0,0,0,0,0,1.2,0,0.3,1,1.2,0,0.2,16.7,5,0,0,3.2
53050020,22,0,0,21,0,2,17,4,38,5,19,6,9,46,,,17,3,36,8,0,4,74,0,10,0,3,14,9,4,0
53060020,8,0,0,2,10,7,30,0,25,0,2,32,0,12,0,0,94,6,135,4,0,1,100,0,7,0,1,48,10,30,0
47060010,3,0,0,5,3,0,19,2,8,5,0,2,26,0,0,0,0,0,0,0,0,0,35,44,0,5,35,4,0,0,0
47010020,0,16.1,2.3,1.8,0,0.8,0,0.7,0,0,2.1,12,1.2,3.3,0.1,0,0,0,0,0,0,1.5,0.5,0.4,0,0.7,26.2,13.2,0.2,0.1,0.2
53070050,37,0,8,38,0,2,94,0,3,0,0,45,15,160,0,0,21,22,81,0,0,0,31,0,0,5,,31,43,29,0
52020010,0,34,0,4,21,12,98,3,17,29,0,0,0,0,0,0,0,0,25,7,2,17,0,1,0,0,2,0,0,4,52
52050090,0.8,24,0,0.9,2.3,0,12.9,0,0.6,0.9,0,8.6,0,0,0,0,0,0,2.7,0.4,0,0,0,0,0,0,4.1,2.8,0,0,14.5
52055090,16.8,7.3,0.1,1,3.9,7.8,7,1,2.5,1.3,0,8,0.1,0,0,0,0,0,23,0.5,0,0,7.9,0,0,0,6.7,0.6,0,0.1,23.1
52050080,16.4,4.2,0,0.5,4.5,6,2.3,4.3,2.4,0.5,0,8.5,0,0,0,0,0,0,22.4,0.4,0,0,3.5,0,0,0,7.9,5,0,0,22.5
52050140,0,11.6,0,0,7.6,3.8,67.5,0,12.1,1.4,1.6,0,0,0,0,0,0,0,62.5,6.5,0,0,0,0,0,2.5,1.6,0,0,0,16.5
52055060,0.4,19.7,0,0,13.2,26.8,31.5,1.2,12.7,1.2,1,0,0,0,0,0,0,0,27.5,7.3,0,0.3,0,0,0,0.8,1.2,0,0,0,29.6
52050130,0,6,0,0,7,0,4,2.4,10,20,0,6.2,0,0,0,0,0,0,5.8,0,0,0,17,0.8,0,0,1,7.9,0,0,17.5
52010030,0,0.5,0,0,0.5,0.3,18,0,18.5,12,0,0,0.8,0,0,0,0,0,40,5.2,0,27.5,1.5,0,0,0,4.3,1,0,5,39
52080010,0,6.5,0,0,22.4,12.3,11.3,0,24.5,0,7.8,0,0,0,0,0,0,0,44.2,0,0,0,0,0,0,0,0,0,0,0,8.4
51020010,35,37,7,10,8,77,14,18,107,118,19,17,21,8,2,25,12,13,93,9,1,25,17,23,25,24,42,11,17,14,49
52070010,14,7,15,12,18,18,0,18,15,0,28,7,0,0,0,0,0,0,64,0,0,0,46,56,,,,,10,0,0
52050010,0.5,18.5,0,0,10,7.9,29.3,0.8,18.3,8.9,0,0,0,0,0,0,0,0,39.8,9.9,0,0.8,0,0,0,0,0,0,0,0,17.7
52035040,4.4,7.2,0,1,0.5,2,39.6,0.4,21.9,16.2,0.3,0,0,0,0,0,0,0,40.4,0.1,0,5.5,0,0,0,0,1.5,0.1,0,3,22.8
52050040,4,18,0,0,24,5,24,0,14,4,4,1,0,0,0,0,0,0,78,14,0,0,0,0,0,6,1,2,0,0,11
52060040,1.5,25.7,0.9,1.1,6.6,12.2,54.9,12.1,20.6,12.5,1.9,0.1,0.1,0,0,0.3,0.1,2.6,56.5,16.4,0,2.5,1.1,6.1,0.2,0.9,2.6,0.1,0.2,0.3,76.5
52050050,14.9,15.1,0.4,0,8.4,6.4,50.8,12.9,50.6,12.5,2.5,2.3,0,0,0,0,0,0,14,14.4,0,0,0,0,0,5.3,4.7,3.2,0,0,48.6
52050100,0.7,2.5,0,0,0,0,1.6,0,13.6,3.8,0,11.8,0,0,0,0,0,0,0.6,0.2,0,0,0,1,0,4.5,8.9,4,0,0,11.3
52090010,40,0,50,17,0,0,0,0,0,45,90,15,0,6,0,0,15,,,0,0,0,0,35,27,0,0,0,0,0,0
52020070,1.8,14.7,1.7,0,0.9,7.7,5.7,0.7,0.9,0.8,0,0,0.6,0,0,0,0,0,15.7,7.1,1.7,11.6,0,0,0,0,0.7,0,0,0,29.8
52050020,0.4,31.8,0,0.1,7.5,32.1,42.4,4.2,14.1,1.1,1,0,0,0,0,0,0,0,30.2,18.1,0,1.8,0,0,0,1.1,7.9,0.1,0,0,12.1
52020050,0,8.9,0.6,26.2,57.1,23,21,4.8,31.8,2.3,0,0,0,0,0,0,0,0,9.5,0.6,0,0,6.3,0,0,0,2.2,0,0,0.8,80.6
53070030,120,,5,72,0,14,32,0,11,5,7,29,15,65,0,21,69,6,110,16,5,67,0,36,0,12,78,12,20,17,31
52045080,1.9,3,0,1.9,3.1,0.3,4.1,0.1,3.2,0.3,0,5.9,0,0,0,0,0,0,2.4,2.8,0,0,7.3,0,0,0.7,5.1,0.4,0,0,5.9
47015080,0.7,14.7,5.2,15.1,11.5,2.3,0,1.3,1,0.8,3,19.6,2.5,11,0,0,0,2,0,0,0,8,0.9,2.3,0,2.8,47.8,16.3,0,0,2
52010020,0,17,0,3,18,5,40,1,39,1,0,0,0,0,0,0,0,0,21,1,0,0,24,0,0,0,19,0,0,63,31
52070030,11,0,0,0,10,37,24,0.2,29,8,0,0,2,0,0,0,0,0,3,8,4,6,2,0,0,0,0,0,0,0,15
52020190,4.6,16.8,0,0,0,0,6,0,2.2,0,0,0,0,0,,0,0,0,1.5,8.8,0.4,2.7,2,3,0,2,0.7,8,0,0,20.2
52045090,2,4.5,0,0,0,0.6,1.3,3.2,7.8,4.6,2,0,0,0,0,0,0,0,0,0,0,0,0,0,0,3.4,6.7,5.4,0,0,6.8
44010100,1.5,12,0.9,0.3,11.5,0.3,2.5,0.9,2.7,5.4,0,11.2,2.6,0,0,0,0,0,0,2.6,0,0,0,7.9,0,0.7,11.5,2.4,0.3,1,0.3
52040070,8.6,2.8,0,0,8.6,5.8,16.7,12.2,3.2,1.6,0,0.8,0,0,0,0,0,0,15.4,1.7,0,0.5,8.3,0,0,3.4,3.7,0,0,0,5
52010140,1.1,8.5,0,0,2.2,15.1,21,0,5.5,2.5,0,0,0,0,0,0,0,0,43.3,0,0,2.2,0,0,0,0,0,0,0,13.1,40.2
52015010,20.2,6.8,0,0,18.8,17.7,7.7,3.3,10.4,6.8,0,0,0,0,0,0,0,0,4.9,28.6,1.4,5.5,1.6,0.5,0,2.3,0.6,0.5,0,0,10.7
52045070,0,1.2,1.4,1.1,0.1,0,1.1,0.2,0.6,0.1,0.4,8,0,1.9,0,0,0,0,0.5,3.3,0.1,0,2.8,0.5,0,0.6,13.5,5.1,0,0,16.6
52050190,0,14.5,0,1.5,0,0,0.5,0,14.6,0,0,7.6,0,0,0,0,0,0,0,0,0,0,0,0,0,2.7,7.7,4,0,0,10.6
52055200,7.4,5.6,0,0.7,0,0.5,8.1,0,6.4,5.1,0,8,0,0,0,0,0,0,22.1,0,0,0,0,0,0,0,6.8,2.3,0,0,7.4
52025060,0,5,0,2,9,3,17,1,19,1,0,0,0,0,0,0,0,0,22,0,0,18,0,0,0,0,0,0,0,3,13
35020280,0,1.1,0.8,0,1.8,2.1,0.2,12.4,1.8,0,0,11.9,0,1.4,1.5,0,0,0,,0.3,2.9,0.6,0,0,1.6,7.2,1.5,0,0.6,0,1.6
47075010,0,0,0,0,0,8,0,,0,,,,,0,0,,0,0,0,,48.6,0,29.4,61.8,0,18.4,18.8,44.8,0,0,0
24010170,0,13.6,4,0.6,43.2,1.8,25.1,8.2,4.1,0,0,0.7,0,0.3,0,0,0,0,2,13.6,23.8,12.6,0,0,0,0.5,3.4,0,0,0.7,23.2
35060120,0,1,0,0,1.5,0.3,1.5,8.5,24,0,0.6,53,1.5,10.5,4.3,0,0,5,0,0.5,7,9,0,1.2,29,37,12,0,2,0,0
35067130,0,2.5,0,0,0,0,1.5,9,10.6,0,1,69,1.5,35,4,0,0,0,6.5,1,64,3.5,0,,,35,12,0,2,0,0
21205012,2.5,1.4,0,,,19.7,0,11.9,0.7,0,,2.2,,0,0,0,0,,,5,42.1,36.5,0,0,,,2,0,0,1.6,9.1
21205980,2.8,11.7,0,0.7,1.6,0,0,7.6,4.2,0,0,0.7,0,0,0,11.6,0,1.2,1.6,0,8.2,16.7,3.7,0,0,3.7,4,0,0,3.2,7.6
21205720,0,3.8,0,3,6.7,0,0.5,22.6,1.1,0,0,6.4,0,0,0,0,0,0,0,2.6,57,26.7,0,0,,3.6,0.5,0,0,1.5,17.5
35020300,0,0,0,0,2,0,7.3,10.9,5.7,0,0,30,0.3,0.7,0,0,0,0,0,0,7.3,0.7,0.2,0.6,8.2,10.8,20.4,0,0,0,0.1
24015120,0,13,0.1,38.5,14.5,0.5,22.1,4,21.3,0.2,0,0.2,0,0,0,0,0,0,15.2,0,6.2,9.8,0.8,0,0,0,0,0,0,1.3,26.4
21195120,0,9.7,0,18.1,18.9,19.4,10.6,5.3,0,0.8,0,1.7,0,0,0,0,0,0,0.5,3,9.6,13.9,0.5,0,0.9,0,14,0,0,0.5,23.4
21205740,0,0,0,0,10.8,0,2.8,10.2,8.6,0,6.8,4.6,0,3.8,0,0,0,0,,1.6,4.2,0,0,0,0,6.4,11.8,0,1.8,0,0
21195060,0,12.5,0,24,42,2,31,8.2,0,4.4,0,1,0,0,0,0,7.5,0,0,0.5,8,33,12,0,0,0,0,0,0,0.5,3.7
23060190,0,8.8,1.5,0,4.8,0,0,0,0,0,0,0,0,0,0,0,0,0,0,0,0,0,0.8,0,39.7,0,0,0,0,16.5,1.7
23065110,0,4.5,19.9,6,7,0,0.7,5,19.8,0,0,1.7,0,0,0,1.5,0,5.5,43.2,2,0,1.5,0,0,59.5,2,0,0,0,0,108
21230120,0,3,0,4,2,0,0,6,18.5,13.5,0,0,0,0,0,0,0,0,0,0,0,0,12.5,0,0,5,0,0,0,0,1
35020290,0,1.4,0,14.2,3.7,0,0.5,19.8,4.2,1.2,0,13.5,0,1.4,1.6,0,0,0,1.8,0,2.8,6.2,0,2.2,0.8,11.6,2.6,1.1,0,0,2
21205420,1.3,5.6,0,5.7,5,0,0.4,5.8,9.2,0.1,0,1,0,0,0,0,0,2,10.4,0,6,45,3.3,0,0,1.4,0.8,0,0,1.6,14
21206020,0,14,3.2,0,2,0,1.2,11,0,0,0,0,0,0,0,7.5,0,0,0,0,4.5,18.5,0,0,3,5.2,0,0,0,2,12.8
21206280,0,4.2,0,3.4,0,21.4,0,8.2,7.2,0,0,0,0,0,0,0,0,0,5.9,5.7,7.7,32.2,0,0,0.5,0,0.9,0,0,0,26.2
23060260,1.5,2.8,44.5,5.4,46.8,0,1.7,5.6,0.8,0,0,0,0,0,0,2.8,0,0,14.8,0,0.8,4.5,8.4,0,2,61.2,0,0,0,3.2,9
2401500040,0,1.7,0,2,6.4,0,59.8,2.1,6.1,0,0,0,0,0,0,0,0,0,0,2.1,2.5,20.8,0,0,0,1.5,2,0,0,0.6,11.5
24010070,0,35.5,0,2.5,28.7,0,72.8,2.3,4.3,0,0,0,0,0,0,0,0,0,0,36.5,4.4,4.2,0,0,0,1.5,2.6,0,0,0.3,12.2
21205660,0,5,0,0.2,13.9,4.9,25.8,0.4,8.9,4.6,0,0.4,0,0,0,0,0,12.6,1.4,0,23.8,10.2,0,0,0.5,9.8,0,0,0,0,0
23120240,0,1.9,10.5,0,0,21.3,1.5,31.6,11.8,0,0,0,10.7,0,0,21.2,21.8,0,31.6,10.5,0,10.8,1.8,0,10.7,0,0,0,0,10.9,20.5
21201550,1.3,1.5,0.4,0.6,2.4,0,0,7.7,14.9,0.1,0,0,0,0,0,0,0,0,3,0,7,18,2,0,0,2.7,15,0,0,3.5,5.5
21205920,0,0,0,0,4.6,0,0.4,9.9,2,0,0,0,0,0,3.2,1.9,5.1,1.3,0,19.2,8.7,6.2,0,0,0,4.3,,0,0,1.6,9.2
23060200,0,1,0,10,3,1.5,14,33,4.3,0,0,0,0,0,0,45,0,0,21.3,0,80,58,0,0,0,0,0,0,0,3.4,15.4
24011060,0,16.5,0,20,6.5,2.8,11.5,4.5,4.9,0,0,0,0,0,0,2.5,0,0,13,0,0,3.5,2.7,0,0,0,0,0,0,2.5,4.7
21205960,0,25.9,2,19.2,2.5,0,0,7.5,1.4,0,0,0,0,0,1.3,10.3,0,2.5,30.2,0,17,13,0,0,0.7,4.4,1,0,0,3.5,14.5
21205940,0.4,3.4,0,1.1,2.6,0,0,10.4,11.6,0,0,0,0,0,0,0,0,0,0,0.2,21.6,0.6,0.4,0,0.2,0.4,7.8,0,0,2.4,1.4
21206260,0,13.5,1.4,,,,0,7.4,0.5,0.6,,,,0.8,0.6,0,0,0,,15.5,80,41.2,0,0,0.8,,5.8,0,0,2.4,13.4
21190310,0,1.7,0,13,20,12.4,37.6,12.7,0.3,16.4,0,1.8,0,0,0,0.5,0,1.9,0,1.5,6,14.4,0,0,0,0.6,0.7,0,0,4.3,42.5
21206060,1,1.5,0,5.8,7.5,0,1.5,5.5,3.5,0,0,0,0,0,0,0,0,2,17,0,8,43,1,0,0,0,6,0,0,2,10
35025060,0,0,0,0,13,10,0,19,2,1.5,0,8.2,0,0,2,0,0,0,0,4,10.5,7.5,0,0,1.5,15,8,0,3,1,13
21205700,0,0,0,0,10.3,0,1.7,14.4,1,0,0,4.8,0,2,1.6,0,0,0,0,2.7,11.5,0.3,0,0,0,12.2,2.6,0,0,0,11.8
21201640,0,2.2,0,4.7,0.4,0.8,4.5,2.8,8,0,0,1,0,0.6,0,0,0,0,0,17.6,11.8,3,0,0,0,2.8,0.5,0,0,0,7.7
21201240,0,2.3,0,0.1,13.5,4.5,6.3,26.7,2.6,0.1,0,2.3,0,0.1,0,0,0,0,0,4.7,9.4,8.5,0,0.2,2.8,8.5,3.2,0,0,0.7,6.7
21206650,1.2,0,0,0,24,0,12,24.2,15.5,1,0,2.4,0,2.3,0,0,0,0,0,0,38.2,13.2,0,0,8.2,8.5,3.9,0,0,4.9,9.9
21201920,0,6.6,0,2.4,29.5,0,21.8,15.8,1.4,0,0,3.8,0,0.7,0,7.4,,0,0,4.7,9.2,9.5,20.5,0,1.8,1.3,1.4,0,0,1.6,12.4
35060180,0,0,0,0,8.6,1.2,1.5,18.3,16.7,1.7,0,36.7,1.5,8.1,1,0,0,0,0,0,8.7,5.4,0,0,3.5,35.7,2.7,0.7,1.8,0,4.7
21200160,0,0.1,0,0,7.4,0,3.6,17.4,3.8,0.3,2.1,3.6,0.3,1.7,0.1,0,0,0,0,23.8,2.6,1.2,0,0,2.9,3.8,4.7,0.2,0.1,1.1,6.1
21206600,0,14.1,0,14.5,3.4,0,0,6.5,0,0,0,0.4,0,0,0,6.8,0,6.3,5.6,0,18.4,15.5,0,0,0,1.7,2.3,0,0,2.4,14.6
21205710,0.5,4.5,0.2,2.6,3.4,5.2,1,11,14.5,0,0,0,0.2,0,0,11,0,0,1,0.2,11,60.4,0.2,0.2,0,0,5,0.1,0,0.3,13.2
21190030,0,17.5,0,0.7,36.1,11.7,13.5,7.5,0.3,0.1,0,1.5,0,0,0,0,0,0,0,15.7,40,3.1,0,0,0.1,0,0.2,0,0,0.3,9.5
21195190,0,9.6,0,0,42.1,0,5.2,15.9,2,1.1,0,1,0,0,0,0,0,0,0,0,24.6,6.8,0,0,0.8,1.2,0,0,0,1,2.2
21200620,0,0,0,0,12,0,4,16,8.1,0,1.5,6.2,0,4.3,0,0,0,0,0,1.8,0.1,0,0,0,3,7.5,13,0,0,0.8,6
21190270,0,3.2,0,0,0,0,3.9,3.6,2.6,2.8,0,0,0,0,0,0,0,0,0,3.8,2.1,2.2,2.4,0,0,2.1,0,0,0,2.6,2.1
21202160,0,9.7,0,9.6,28.4,0,14.7,3.6,0,8.7,5.3,5.8,0,0,0,0,0,0,0,8,27.5,26,8.3,0,0,0,0,0,0,1.5,48
21190350,0.5,11.5,1.2,0,19.8,9.5,7.1,1.9,0.8,5.9,0,0,0,7.4,0,0,0.4,0,1.3,8.1,9.8,8.5,7.9,4.1,1.7,0,0,0,1.2,0,0
21205910,0,5,0,0,6,0,1,15.2,5,0,0,0,0,0,4,0,0,0,0,0,15,5,0,0,0,6,6.4,0,0,2,12
23060370,0,5,8,5,10.5,0,0,9,15,0,0,0,0,0,0,0,0,0,0,16,26.5,16.3,20,0,0,0,0,0,0,0,11
